driving_experience,type_of_vehicle,lanes_or_medians,road_allignment,types_of_junction,road_surface_conditions,light_conditions,weather_conditions,number_of_vehicles_involved,vehicle_movement,pedestrian_movement,accident_severity
2-5yr,Other,Undivided Two way,Steep grade downward with mountainous terrain,No junction,Dry,Darkness - lights lit,Normal,2.0,Moving Backward,Not a Pedestrian,Slight Injury
1-2yr,Stationwagen,Undivided Two way,Tangent road with flat terrain,No junction,Wet or damp,Daylight,Raining,2.0,Going straight,Not a Pedestrian,Slight Injury
2-5yr,Automobile,Two-way (divided with broken lines road marking),Tangent road with mountainous terrain and,No junction,Wet or damp,Daylight,Raining,2.0,Going straight,Not a Pedestrian,Slight Injury
1-2yr,Public (> 45 seats),Undivided Two way,Tangent road with flat terrain,Y Shape,Dry,Daylight,Normal,2.0,Going straight,Not a Pedestrian,Slight Injury
5-10yr,Other,Two-way (divided with broken lines road marking),Tangent road with flat terrain,Y Shape,Dry,Daylight,Normal,2.0,Reversing,Not a Pedestrian,Slight Injury
5-10yr,Lorry (41?100Q),Double carriageway (median),Tangent road with flat terrain,No junction,Dry,Daylight,Normal,1.0,Going straight,Unknown or other,Slight Injury
2-5yr,Automobile,Undivided Two way,Tangent road with flat terrain,No junction,Dry,Daylight,Normal,2.0,Going straight,Unknown or other,Slight Injury
Below 1yr,Public (> 45 seats),Two-way (divided with broken lines road marking),Tangent road with flat terrain,No junction,Dry,Daylight,Normal,2.0,Going straight,Not a Pedestrian,Slight Injury
,,other,Tangent road with flat terrain,Y Shape,Dry,Darkness - lights lit,Normal,2.0,Parked,Not a Pedestrian,Slight Injury
Above 10yr,Automobile,Two-way (divided with broken lines road marking),Tangent road with flat terrain,Y Shape,Dry,Darkness - lights lit,Normal,2.0,Going straight,Not a Pedestrian,Slight Injury
1-2yr,Pick up upto 10Q,other,Steep grade downward with mountainous terrain,No junction,Dry,Daylight,Normal,1.0,Going straight,Not a Pedestrian,Serious Injury
5-10yr,Public (12 seats),Undivided Two way,Tangent road with flat terrain,Y Shape,Dry,Darkness - lights lit,Normal,2.0,Unknown,Not a Pedestrian,Slight Injury
1-2yr,Lorry (41?100Q),One way,Tangent road with flat terrain,Y Shape,Dry,Darkness - lights lit,Normal,2.0,Going straight,Not a Pedestrian,Slight Injury
Above 10yr,Lorry (41?100Q),other,Tangent road with flat terrain,No junction,Dry,Daylight,Normal,2.0,Going straight,Not a Pedestrian,Slight Injury
Below 1yr,Lorry (41?100Q),Double carriageway (median),Tangent road with flat terrain,No junction,Dry,Daylight,Normal,2.0,Stopping,Not a Pedestrian,Slight Injury
2-5yr,Public (13?45 seats),other,Tangent road with flat terrain,Crossing,Dry,Daylight,Normal,2.0,Going straight,Not a Pedestrian,Slight Injury
5-10yr,Lorry (41?100Q),Two-way (divided with broken lines road marking),Tangent road with flat terrain,Crossing,Dry,Daylight,Normal,2.0,Overtaking,Crossing from nearside - masked by parked or statioNot a Pedestrianry vehicle,Slight Injury
5-10yr,Lorry (41?100Q),One way,Tangent road with flat terrain,No junction,Dry,Daylight,Normal,1.0,Going straight,Not a Pedestrian,Slight Injury
1-2yr,Motorcycle,Undivided Two way,Tangent road with flat terrain,Y Shape,Dry,Daylight,Normal,1.0,Reversing,Not a Pedestrian,Slight Injury
5-10yr,Lorry (41?100Q),other,Tangent road with flat terrain,No junction,Wet or damp,Darkness - lights lit,Normal,2.0,Going straight,Not a Pedestrian,Slight Injury
,Ridden horse,Undivided Two way,Tangent road with flat terrain,No junction,Wet or damp,Darkness - lights lit,Normal,2.0,Going straight,Not a Pedestrian,Slight Injury
2-5yr,Automobile,Double carriageway (median),Tangent road with flat terrain,Crossing,Wet or damp,Darkness - lights lit,Normal,2.0,Unknown,Not a Pedestrian,Slight Injury
1-2yr,Lorry (41?100Q),Two-way (divided with broken lines road marking),Steep grade downward with mountainous terrain,Crossing,Wet or damp,Darkness - lights lit,Normal,2.0,Going straight,Not a Pedestrian,Slight Injury
5-10yr,Pick up upto 10Q,Two-way (divided with broken lines road marking),Tangent road with flat terrain,Y Shape,Wet or damp,Darkness - lights lit,Raining,3.0,Moving Backward,Not a Pedestrian,Slight Injury
2-5yr,Public (> 45 seats),Two-way (divided with broken lines road marking),Tangent road with flat terrain,Y Shape,Wet or damp,Darkness - lights lit,Raining,3.0,Going straight,Not a Pedestrian,Slight Injury
No Licence,Stationwagen,Two-way (divided with broken lines road marking),,Y Shape,Wet or damp,Darkness - lights lit,Raining,3.0,Moving Backward,Not a Pedestrian,Slight Injury
Above 10yr,Automobile,Double carriageway (median),Tangent road with flat terrain,Crossing,Wet or damp,Daylight,Normal,2.0,Going straight,Not a Pedestrian,Slight Injury
Above 10yr,Public (12 seats),Double carriageway (median),Tangent road with flat terrain,Crossing,Wet or damp,Daylight,Normal,2.0,Going straight,Unknown or other,Slight Injury
5-10yr,Automobile,Undivided Two way,Tangent road with flat terrain,Y Shape,Dry,Daylight,Normal,2.0,Unknown,Crossing from driver's nearside,Slight Injury
2-5yr,Automobile,One way,Tangent road with flat terrain,Y Shape,Dry,Daylight,Normal,2.0,Going straight,Not a Pedestrian,Slight Injury
2-5yr,Automobile,Undivided Two way,Tangent road with flat terrain,Y Shape,Wet or damp,Darkness - lights lit,Raining,2.0,Going straight,Not a Pedestrian,Slight Injury
Below 1yr,Lorry (41?100Q),Two-way (divided with broken lines road marking),Tangent road with flat terrain,Y Shape,Wet or damp,Darkness - lights lit,Raining,2.0,Going straight,Not a Pedestrian,Slight Injury
Above 10yr,Automobile,Two-way (divided with broken lines road marking),Tangent road with flat terrain,No junction,Dry,Daylight,Normal,1.0,Turnover,Not a Pedestrian,Slight Injury
Above 10yr,Automobile,Undivided Two way,Tangent road with flat terrain,Y Shape,Dry,Daylight,Normal,1.0,Going straight,Not a Pedestrian,Slight Injury
2-5yr,Public (12 seats),Double carriageway (median),Tangent road with flat terrain,No junction,Dry,Daylight,Normal,1.0,Going straight,Not a Pedestrian,Slight Injury
2-5yr,Taxi,Two-way (divided with broken lines road marking),Tangent road with flat terrain,Y Shape,Wet or damp,Darkness - lights lit,Raining,2.0,Going straight,Not a Pedestrian,Slight Injury
Above 10yr,Automobile,Two-way (divided with broken lines road marking),Tangent road with flat terrain,Y Shape,Wet or damp,Darkness - lights lit,Raining,2.0,Reversing,Not a Pedestrian,Slight Injury
5-10yr,Public (12 seats),Two-way (divided with broken lines road marking),Tangent road with flat terrain,Y Shape,Dry,Daylight,Normal,1.0,Getting off,Not a Pedestrian,Slight Injury
Below 1yr,Stationwagen,Two-way (divided with broken lines road marking),Tangent road with flat terrain,Y Shape,Dry,Darkness - lights lit,Normal,2.0,Going straight,Not a Pedestrian,Slight Injury
Below 1yr,Stationwagen,Two-way (divided with broken lines road marking),Tangent road with flat terrain,Y Shape,Dry,Darkness - lights lit,Normal,2.0,Getting off,Not a Pedestrian,Slight Injury
Below 1yr,Automobile,Undivided Two way,Tangent road with flat terrain,Crossing,Wet or damp,Darkness - lights lit,Normal,2.0,Going straight,Not a Pedestrian,Slight Injury
5-10yr,Lorry (41?100Q),other,Tangent road with flat terrain,Crossing,Wet or damp,Darkness - lights lit,Normal,2.0,Going straight,Not a Pedestrian,Slight Injury
5-10yr,Automobile,Two-way (divided with broken lines road marking),Tangent road with flat terrain,Crossing,Wet or damp,Darkness - lights lit,Raining,1.0,Going straight,Not a Pedestrian,Slight Injury
5-10yr,Public (12 seats),Two-way (divided with broken lines road marking),Tangent road with flat terrain,Crossing,Dry,Darkness - lights lit,Normal,1.0,Going straight,Not a Pedestrian,Slight Injury
5-10yr,Automobile,Double carriageway (median),Tangent road with flat terrain,Crossing,Dry,Darkness - lights lit,Normal,1.0,Going straight,Crossing from offside - masked by parked or statioNot a Pedestrianry vehicle,Slight Injury
2-5yr,Automobile,One way,,No junction,Dry,Daylight,Normal,2.0,Going straight,Not a Pedestrian,Serious Injury
5-10yr,Lorry (41?100Q),Two-way (divided with broken lines road marking),Tangent road with flat terrain,No junction,Dry,Daylight,Normal,2.0,Going straight,Not a Pedestrian,Serious Injury
2-5yr,Automobile,Undivided Two way,Tangent road with flat terrain,Y Shape,Dry,Daylight,Normal,1.0,Going straight,Not a Pedestrian,Slight Injury
Below 1yr,Motorcycle,Undivided Two way,Tangent road with flat terrain,No junction,Wet or damp,Darkness - lights lit,Normal,1.0,Going straight,Crossing from nearside - masked by parked or statioNot a Pedestrianry vehicle,Slight Injury
2-5yr,,other,Tangent road with flat terrain,O Shape,Dry,Daylight,Normal,2.0,Moving Backward,Crossing from nearside - masked by parked or statioNot a Pedestrianry vehicle,Serious Injury
2-5yr,Automobile,Two-way (divided with broken lines road marking),Tangent road with flat terrain,O Shape,Dry,Daylight,Normal,2.0,Going straight,Not a Pedestrian,Serious Injury
2-5yr,Automobile,,Tangent road with flat terrain,Y Shape,Wet or damp,Daylight,Raining,1.0,Going straight,Not a Pedestrian,Slight Injury
5-10yr,Automobile,Two-way (divided with broken lines road marking),Tangent road with flat terrain,Crossing,Wet or damp,Daylight,Raining,1.0,Going straight,Not a Pedestrian,Slight Injury
5-10yr,Public (> 45 seats),Two-way (divided with broken lines road marking),Tangent road with flat terrain,Crossing,Dry,Darkness - lights lit,Normal,2.0,Going straight,Not a Pedestrian,Slight Injury
,,Undivided Two way,Tangent road with flat terrain,Crossing,Dry,Darkness - lights lit,Normal,2.0,Going straight,Crossing from nearside - masked by parked or statioNot a Pedestrianry vehicle,Slight Injury
5-10yr,Automobile,other,Tangent road with flat terrain,Y Shape,Dry,Darkness - lights lit,Normal,1.0,Going straight,Unknown or other,Slight Injury
2-5yr,Automobile,Two-way (divided with broken lines road marking),Tangent road with flat terrain,Crossing,Wet or damp,Darkness - lights lit,Raining,1.0,Going straight,Not a Pedestrian,Slight Injury
Below 1yr,Other,Two-way (divided with broken lines road marking),Tangent road with flat terrain,Y Shape,Dry,Daylight,Normal,1.0,Going straight,Not a Pedestrian,Slight Injury
1-2yr,Stationwagen,Double carriageway (median),Tangent road with flat terrain,Y Shape,Dry,Daylight,Normal,2.0,Going straight,Not a Pedestrian,Slight Injury
Below 1yr,Lorry (41?100Q),Two-way (divided with broken lines road marking),Tangent road with flat terrain,Y Shape,Dry,Daylight,Normal,2.0,Going straight,Not a Pedestrian,Slight Injury
Above 10yr,Taxi,Double carriageway (median),Tangent road with flat terrain,No junction,Wet or damp,Daylight,Normal,3.0,Going straight,Not a Pedestrian,Slight Injury
Below 1yr,Other,Two-way (divided with broken lines road marking),Tangent road with flat terrain,No junction,Wet or damp,Daylight,Normal,3.0,Going straight,Not a Pedestrian,Slight Injury
2-5yr,Public (12 seats),Double carriageway (median),Tangent road with flat terrain,No junction,Wet or damp,Daylight,Normal,3.0,Going straight,Not a Pedestrian,Slight Injury
1-2yr,Automobile,Two-way (divided with broken lines road marking),Tangent road with flat terrain,No junction,Dry,Daylight,Normal,1.0,Going straight,Not a Pedestrian,Slight Injury
5-10yr,Automobile,Two-way (divided with broken lines road marking),Tangent road with flat terrain,Crossing,Dry,Daylight,Normal,1.0,Going straight,Not a Pedestrian,Serious Injury
Below 1yr,Public (13?45 seats),other,Tangent road with flat terrain,Y Shape,Dry,Daylight,Normal,1.0,Going straight,Not a Pedestrian,Slight Injury
Below 1yr,Lorry (41?100Q),Undivided Two way,Tangent road with flat terrain,Y Shape,Dry,Daylight,Normal,2.0,Going straight,Not a Pedestrian,Slight Injury
Below 1yr,Lorry (41?100Q),Undivided Two way,Tangent road with flat terrain,Y Shape,Dry,Daylight,Normal,2.0,Reversing,Not a Pedestrian,Slight Injury
1-2yr,Lorry (11?40Q),Undivided Two way,Tangent road with flat terrain,Y Shape,Dry,Daylight,Normal,2.0,Going straight,Not a Pedestrian,Slight Injury
5-10yr,Motorcycle,Two-way (divided with broken lines road marking),Tangent road with flat terrain,Y Shape,Dry,Daylight,Normal,2.0,Going straight,Not a Pedestrian,Slight Injury
2-5yr,Lorry (41?100Q),Undivided Two way,Tangent road with flat terrain,Y Shape,Dry,Daylight,Normal,2.0,Going straight,Not a Pedestrian,Slight Injury
Below 1yr,Stationwagen,Two-way (divided with broken lines road marking),Tangent road with flat terrain,Y Shape,Dry,Daylight,Normal,2.0,Unknown,Not a Pedestrian,Slight Injury
5-10yr,Automobile,Undivided Two way,Tangent road with flat terrain,Y Shape,Dry,Daylight,Normal,1.0,Going straight,Not a Pedestrian,Slight Injury
5-10yr,Other,Two-way (divided with broken lines road marking),Tangent road with flat terrain,Crossing,Dry,Darkness - lights lit,Normal,3.0,Going straight,Not a Pedestrian,Slight Injury
5-10yr,Other,Two-way (divided with broken lines road marking),Tangent road with flat terrain,Crossing,Dry,Darkness - lights lit,Normal,3.0,Going straight,Not a Pedestrian,Slight Injury
2-5yr,Taxi,Two-way (divided with broken lines road marking),Tangent road with flat terrain,Crossing,Dry,Darkness - lights lit,Normal,3.0,Going straight,Not a Pedestrian,Slight Injury
Above 10yr,Automobile,Undivided Two way,Tangent road with flat terrain,No junction,Wet or damp,Darkness - lights lit,Normal,2.0,Going straight,Not a Pedestrian,Slight Injury
5-10yr,Long lorry,Undivided Two way,Steep grade downward with mountainous terrain,No junction,Wet or damp,Darkness - lights lit,Normal,2.0,Going straight,Not a Pedestrian,Slight Injury
Above 10yr,Long lorry,Undivided Two way,Tangent road with flat terrain,Y Shape,Dry,Daylight,Normal,2.0,Unknown,Not a Pedestrian,Slight Injury
2-5yr,Lorry (41?100Q),other,Tangent road with flat terrain,Y Shape,Dry,Daylight,Normal,2.0,Moving Backward,Not a Pedestrian,Slight Injury
Below 1yr,Lorry (41?100Q),Undivided Two way,Tangent road with flat terrain,Y Shape,Dry,Darkness - lights lit,Normal,2.0,Going straight,Not a Pedestrian,Slight Injury
Below 1yr,Lorry (11?40Q),Two-way (divided with solid lines road marking),Tangent road with flat terrain,Y Shape,Dry,Darkness - lights lit,Normal,2.0,Turnover,Not a Pedestrian,Slight Injury
5-10yr,Automobile,Two-way (divided with solid lines road marking),Tangent road with flat terrain,Y Shape,Dry,Daylight,Normal,2.0,Turnover,Not a Pedestrian,Slight Injury
2-5yr,Taxi,Two-way (divided with solid lines road marking),Tangent road with flat terrain,Y Shape,Dry,Daylight,Normal,2.0,Reversing,Not a Pedestrian,Slight Injury
Below 1yr,Other,Two-way (divided with solid lines road marking),Tangent road with flat terrain,No junction,Dry,Daylight,Normal,3.0,Reversing,Unknown or other,Slight Injury
2-5yr,Automobile,Two-way (divided with broken lines road marking),Tangent road with flat terrain,No junction,Dry,Daylight,Normal,3.0,Reversing,Not a Pedestrian,Slight Injury
5-10yr,Automobile,Undivided Two way,Tangent road with flat terrain,No junction,Dry,Daylight,Normal,3.0,Moving Backward,Not a Pedestrian,Slight Injury
Above 10yr,Automobile,Undivided Two way,Tangent road with flat terrain,Y Shape,Dry,Daylight,Normal,2.0,Going straight,Not a Pedestrian,Slight Injury
Above 10yr,Automobile,other,Tangent road with flat terrain,Y Shape,Dry,Daylight,Normal,2.0,Going straight,Not a Pedestrian,Slight Injury
5-10yr,Public (> 45 seats),Undivided Two way,Tangent road with flat terrain,Y Shape,Dry,Daylight,Normal,2.0,Going straight,Not a Pedestrian,Slight Injury
1-2yr,Lorry (11?40Q),Two-way (divided with broken lines road marking),Tangent road with flat terrain,Y Shape,Dry,Daylight,Normal,2.0,Going straight,Not a Pedestrian,Slight Injury
5-10yr,Lorry (41?100Q),Undivided Two way,Tangent road with flat terrain,Crossing,Dry,Darkness - lights lit,Normal,2.0,Going straight,Not a Pedestrian,Slight Injury
5-10yr,Lorry (41?100Q),Undivided Two way,Tangent road with flat terrain,Crossing,Dry,Darkness - lights lit,Normal,2.0,Going straight,Not a Pedestrian,Slight Injury
1-2yr,Stationwagen,One way,Steep grade downward with mountainous terrain,Y Shape,Dry,Darkness - lights lit,Normal,2.0,Going straight,Not a Pedestrian,Slight Injury
5-10yr,Other,Two-way (divided with broken lines road marking),Tangent road with flat terrain,Y Shape,Dry,Darkness - lights lit,Normal,2.0,Going straight,Not a Pedestrian,Slight Injury
Above 10yr,Automobile,Undivided Two way,Tangent road with flat terrain,Y Shape,Dry,Darkness - lights lit,Normal,1.0,Going straight,Not a Pedestrian,Slight Injury
Below 1yr,Pick up upto 10Q,Two-way (divided with broken lines road marking),Tangent road with flat terrain,Y Shape,Dry,Daylight,Normal,2.0,Turnover,Not a Pedestrian,Slight Injury
5-10yr,Motorcycle,other,Tangent road with flat terrain,Y Shape,Dry,Daylight,Normal,2.0,Going straight,Not a Pedestrian,Slight Injury
Above 10yr,Automobile,Undivided Two way,Tangent road with flat terrain,Y Shape,Dry,Daylight,Normal,2.0,Moving Backward,Not a Pedestrian,Serious Injury
Below 1yr,Pick up upto 10Q,One way,Tangent road with flat terrain,Y Shape,Dry,Daylight,Normal,2.0,Going straight,Not a Pedestrian,Serious Injury
1-2yr,Motorcycle,Undivided Two way,Tangent road with flat terrain,Y Shape,Dry,Darkness - lights lit,Normal,3.0,Going straight,Not a Pedestrian,Slight Injury
Above 10yr,Stationwagen,Undivided Two way,Tangent road with flat terrain,Y Shape,Dry,Darkness - lights lit,Normal,3.0,Moving Backward,Not a Pedestrian,Slight Injury
Above 10yr,Lorry (41?100Q),One way,Tangent road with flat terrain,Y Shape,Dry,Darkness - lights lit,Normal,3.0,Going straight,Not a Pedestrian,Slight Injury
Above 10yr,Taxi,Undivided Two way,Tangent road with flat terrain,Crossing,Dry,Daylight,Normal,2.0,Going straight,Not a Pedestrian,Serious Injury
No Licence,Automobile,Two-way (divided with broken lines road marking),Tangent road with flat terrain,Crossing,Dry,Daylight,Normal,2.0,Waiting to go,Not a Pedestrian,Serious Injury
1-2yr,Long lorry,Two-way (divided with broken lines road marking),Tangent road with flat terrain,Y Shape,Dry,Daylight,Normal,2.0,Moving Backward,Not a Pedestrian,Slight Injury
1-2yr,Automobile,other,Tangent road with flat terrain,Y Shape,Dry,Daylight,Normal,2.0,Moving Backward,Not a Pedestrian,Slight Injury
Below 1yr,Public (12 seats),Double carriageway (median),Tangent road with flat terrain,Crossing,Wet or damp,Darkness - lights lit,Other,2.0,Going straight,Not a Pedestrian,Serious Injury
1-2yr,Lorry (11?40Q),Two-way (divided with broken lines road marking),Tangent road with flat terrain,Crossing,Wet or damp,Darkness - lights lit,Other,2.0,Unknown,Not a Pedestrian,Serious Injury
2-5yr,Pick up upto 10Q,Double carriageway (median),Gentle horizontal curve,No junction,Dry,Daylight,Normal,1.0,Going straight,Not a Pedestrian,Slight Injury
5-10yr,Lorry (41?100Q),Double carriageway (median),Tangent road with flat terrain,O Shape,Wet or damp,Daylight,Raining,2.0,Going straight,Not a Pedestrian,Slight Injury
Above 10yr,Other,Double carriageway (median),Tangent road with flat terrain,O Shape,Wet or damp,Daylight,Raining,2.0,Going straight,Not a Pedestrian,Slight Injury
2-5yr,Automobile,Two-way (divided with broken lines road marking),Tangent road with flat terrain,No junction,Dry,Daylight,Normal,1.0,Moving Backward,Not a Pedestrian,Slight Injury
Above 10yr,Long lorry,,Tangent road with flat terrain,No junction,Dry,Daylight,Normal,3.0,Going straight,Not a Pedestrian,Slight Injury
5-10yr,Lorry (11?40Q),One way,Tangent road with flat terrain,No junction,Dry,Daylight,Normal,3.0,Going straight,Not a Pedestrian,Slight Injury
,Long lorry,Undivided Two way,Tangent road with flat terrain,No junction,Dry,Daylight,Normal,3.0,Going straight,Not a Pedestrian,Slight Injury
5-10yr,Automobile,,Tangent road with flat terrain,Crossing,Dry,Daylight,Normal,2.0,Going straight,Not a Pedestrian,Slight Injury
Below 1yr,Taxi,Two-way (divided with broken lines road marking),Gentle horizontal curve,Crossing,Dry,Daylight,Normal,2.0,Going straight,Not a Pedestrian,Slight Injury
2-5yr,Taxi,Two-way (divided with broken lines road marking),Tangent road with flat terrain,Crossing,Dry,Darkness - lights lit,Normal,2.0,Reversing,Not a Pedestrian,Slight Injury
2-5yr,Long lorry,Two-way (divided with broken lines road marking),Tangent road with flat terrain,Crossing,Dry,Darkness - lights lit,Normal,2.0,Going straight,Not a Pedestrian,Slight Injury
2-5yr,Lorry (11?40Q),Two-way (divided with broken lines road marking),Tangent road with flat terrain,Crossing,Dry,Daylight,Normal,2.0,Going straight,Not a Pedestrian,Slight Injury
2-5yr,Lorry (11?40Q),Undivided Two way,Tangent road with flat terrain,Crossing,Dry,Daylight,Normal,2.0,Going straight,Not a Pedestrian,Slight Injury
5-10yr,Long lorry,Undivided Two way,Tangent road with flat terrain,Y Shape,Dry,Daylight,Normal,2.0,Going straight,Not a Pedestrian,Slight Injury
5-10yr,Turbo,Two-way (divided with broken lines road marking),Tangent road with flat terrain,Y Shape,Dry,Daylight,Normal,2.0,Going straight,Not a Pedestrian,Slight Injury
Above 10yr,Long lorry,Two-way (divided with broken lines road marking),Tangent road with flat terrain,Other,Dry,Daylight,Normal,2.0,Going straight,Not a Pedestrian,Slight Injury
5-10yr,Long lorry,Two-way (divided with broken lines road marking),Tangent road with flat terrain,Other,Dry,Daylight,Normal,2.0,Going straight,Not a Pedestrian,Slight Injury
5-10yr,Public (13?45 seats),Undivided Two way,Tangent road with flat terrain,Y Shape,Dry,Daylight,Normal,2.0,Going straight,Not a Pedestrian,Slight Injury
Above 10yr,Automobile,Double carriageway (median),Tangent road with flat terrain,Y Shape,Dry,Daylight,Normal,2.0,Waiting to go,Not a Pedestrian,Slight Injury
,Automobile,Two-way (divided with broken lines road marking),Tangent road with flat terrain,No junction,Dry,Darkness - lights lit,Normal,1.0,Going straight,Not a Pedestrian,Serious Injury
5-10yr,Pick up upto 10Q,Undivided Two way,Tangent road with flat terrain,Y Shape,Dry,Darkness - lights lit,Normal,1.0,Going straight,Not a Pedestrian,Serious Injury
5-10yr,,other,Tangent road with flat terrain,No junction,Dry,Darkness - lights lit,Normal,2.0,Going straight,Not a Pedestrian,Slight Injury
Below 1yr,Stationwagen,Undivided Two way,Tangent road with flat terrain,No junction,Dry,Darkness - lights lit,Normal,2.0,Going straight,Not a Pedestrian,Slight Injury
,,Undivided Two way,Tangent road with flat terrain,No junction,Dry,Darkness - lights lit,Normal,2.0,Going straight,Not a Pedestrian,Slight Injury
5-10yr,Automobile,Undivided Two way,Tangent road with flat terrain,Crossing,Dry,Daylight,Normal,2.0,Going straight,Not a Pedestrian,Slight Injury
5-10yr,Automobile,One way,Tangent road with flat terrain,Crossing,Dry,Daylight,Normal,2.0,Going straight,Not a Pedestrian,Slight Injury
Above 10yr,Long lorry,Undivided Two way,Tangent road with flat terrain,Y Shape,Dry,Daylight,Normal,2.0,Going straight,Not a Pedestrian,Slight Injury
Above 10yr,Public (13?45 seats),Undivided Two way,Tangent road with flat terrain,Y Shape,Dry,Daylight,Normal,2.0,Going straight,Not a Pedestrian,Slight Injury
Above 10yr,Public (13?45 seats),Double carriageway (median),Tangent road with flat terrain,No junction,Dry,Daylight,Normal,1.0,Going straight,Not a Pedestrian,Serious Injury
Above 10yr,Lorry (11?40Q),Two-way (divided with solid lines road marking),Tangent road with flat terrain,No junction,Dry,Daylight,Normal,1.0,Going straight,Not a Pedestrian,Slight Injury
Above 10yr,Lorry (11?40Q),other,Tangent road with flat terrain,Y Shape,Dry,Daylight,Normal,2.0,Going straight,Crossing from nearside - masked by parked or statioNot a Pedestrianry vehicle,Slight Injury
Above 10yr,Pick up upto 10Q,Undivided Two way,Tangent road with flat terrain,Y Shape,Dry,Daylight,Normal,2.0,Going straight,Crossing from nearside - masked by parked or statioNot a Pedestrianry vehicle,Slight Injury
5-10yr,Automobile,other,Tangent road with flat terrain,Y Shape,Dry,Darkness - lights lit,Normal,1.0,Turnover,Not a Pedestrian,Slight Injury
2-5yr,Automobile,other,Tangent road with flat terrain,Y Shape,Dry,Daylight,Normal,1.0,Reversing,Not a Pedestrian,Serious Injury
Below 1yr,Automobile,other,Tangent road with flat terrain,Y Shape,Dry,Darkness - lights lit,Normal,1.0,Moving Backward,Not a Pedestrian,Slight Injury
Below 1yr,Long lorry,other,Tangent road with flat terrain,Y Shape,Dry,Darkness - lights lit,Normal,2.0,Going straight,Not a Pedestrian,Slight Injury
2-5yr,Long lorry,One way,Tangent road with flat terrain,Y Shape,Dry,Darkness - lights lit,Normal,2.0,Moving Backward,Not a Pedestrian,Slight Injury
Below 1yr,Automobile,Two-way (divided with broken lines road marking),Tangent road with flat terrain,Y Shape,Dry,Daylight,Normal,2.0,Going straight,Not a Pedestrian,Slight Injury
Below 1yr,Stationwagen,other,Tangent road with flat terrain,Y Shape,Dry,Daylight,Normal,2.0,Going straight,Not a Pedestrian,Slight Injury
,,Undivided Two way,Tangent road with flat terrain,Crossing,Dry,Darkness - lights lit,Normal,2.0,Going straight,Not a Pedestrian,Slight Injury
5-10yr,Other,Two-way (divided with broken lines road marking),Tangent road with flat terrain,Crossing,Dry,Darkness - lights lit,Normal,2.0,Going straight,Not a Pedestrian,Slight Injury
Below 1yr,Special vehicle,Two-way (divided with broken lines road marking),Tangent road with flat terrain,No junction,Dry,Daylight,Normal,2.0,Going straight,Not a Pedestrian,Slight Injury
Below 1yr,Lorry (41?100Q),Two-way (divided with broken lines road marking),Tangent road with flat terrain,No junction,Dry,Daylight,Normal,2.0,Unknown,Not a Pedestrian,Slight Injury
1-2yr,Pick up upto 10Q,,Tangent road with flat terrain,Crossing,Dry,Daylight,Normal,2.0,Going straight,Not a Pedestrian,Slight Injury
Above 10yr,Lorry (11?40Q),Undivided Two way,Tangent road with flat terrain,Crossing,Dry,Daylight,Normal,2.0,Unknown,Not a Pedestrian,Slight Injury
Above 10yr,Lorry (41?100Q),Two-way (divided with broken lines road marking),Tangent road with flat terrain,No junction,Dry,Darkness - lights lit,Normal,1.0,Going straight,Not a Pedestrian,Slight Injury
Below 1yr,Motorcycle,Two-way (divided with broken lines road marking),Tangent road with flat terrain,No junction,Dry,Daylight,Normal,1.0,Moving Backward,Not a Pedestrian,Slight Injury
2-5yr,Automobile,Two-way (divided with broken lines road marking),Tangent road with flat terrain,No junction,Dry,Daylight,Normal,2.0,Going straight,Not a Pedestrian,Slight Injury
2-5yr,Automobile,Two-way (divided with broken lines road marking),Tangent road with flat terrain,No junction,Dry,Daylight,Normal,2.0,Going straight,Not a Pedestrian,Slight Injury
Above 10yr,Automobile,Two-way (divided with broken lines road marking),Tangent road with flat terrain,Y Shape,Dry,Daylight,Normal,3.0,Moving Backward,Not a Pedestrian,Slight Injury
2-5yr,Stationwagen,Undivided Two way,Tangent road with flat terrain,Y Shape,Dry,Daylight,Normal,3.0,Going straight,Not a Pedestrian,Slight Injury
2-5yr,,Two-way (divided with broken lines road marking),Tangent road with flat terrain,Y Shape,Dry,Daylight,Normal,3.0,Turnover,Not a Pedestrian,Slight Injury
1-2yr,Public (> 45 seats),Undivided Two way,Tangent road with flat terrain,No junction,Dry,Daylight,Normal,2.0,Going straight,Not a Pedestrian,Slight Injury
5-10yr,Public (> 45 seats),Undivided Two way,Tangent road with flat terrain,No junction,Dry,Daylight,Normal,2.0,Going straight,Not a Pedestrian,Slight Injury
Below 1yr,Stationwagen,Undivided Two way,Tangent road with flat terrain,O Shape,Dry,Daylight,Normal,2.0,Unknown,Not a Pedestrian,Slight Injury
Below 1yr,Automobile,Undivided Two way,Tangent road with flat terrain,O Shape,Dry,Daylight,Normal,2.0,Going straight,Crossing from nearside - masked by parked or statioNot a Pedestrianry vehicle,Slight Injury
,Bicycle,Undivided Two way,Tangent road with flat terrain,No junction,Dry,Daylight,Normal,2.0,Going straight,Not a Pedestrian,Slight Injury
Below 1yr,Automobile,Two-way (divided with broken lines road marking),Tangent road with flat terrain,No junction,Dry,Daylight,Normal,2.0,Going straight,Not a Pedestrian,Slight Injury
1-2yr,Lorry (41?100Q),Two-way (divided with broken lines road marking),Tangent road with flat terrain,O Shape,Dry,Daylight,Normal,2.0,Going straight,Not a Pedestrian,Slight Injury