driving_experience,type_of_vehicle,lanes_or_medians,road_allignment,types_of_junction,road_surface_conditions,light_conditions,weather_conditions,number_of_vehicles_involved,vehicle_movement,pedestrian_movement,accident_severity
5-10yr,Stationwagen,Undivided Two way,Tangent road with mild grade and flat terrain,Y Shape,Wet or damp,Daylight,Normal,3.0,Going straight,Not a Pedestrian,Slight Injury
5-10yr,Automobile,Two-way (divided with broken lines road marking),Tangent road with flat terrain,Y Shape,Wet or damp,Daylight,Normal,3.0,Going straight,Not a Pedestrian,Slight Injury
5-10yr,Public (12 seats),Undivided Two way,Tangent road with flat terrain,Y Shape,Wet or damp,Daylight,Normal,3.0,Going straight,Not a Pedestrian,Slight Injury
5-10yr,,Double carriageway (median),Tangent road with mild grade and flat terrain,Y Shape,Dry,Daylight,Normal,2.0,Going straight,Not a Pedestrian,Slight Injury
2-5yr,Automobile,Two-way (divided with broken lines road marking),Tangent road with flat terrain,Y Shape,Dry,Daylight,Normal,2.0,Other,Not a Pedestrian,Slight Injury
5-10yr,Lorry (41?100Q),Two-way (divided with broken lines road marking),Tangent road with flat terrain,No junction,Wet or damp,Darkness - lights lit,Normal,1.0,Going straight,Not a Pedestrian,Serious Injury
Above 10yr,,Undivided Two way,Tangent road with flat terrain,No junction,Wet or damp,Darkness - lights lit,Normal,1.0,Overtaking,Not a Pedestrian,Serious Injury
Below 1yr,Public (> 45 seats),Two-way (divided with broken lines road marking),Tangent road with flat terrain,Crossing,Wet or damp,Daylight,Windy,2.0,Going straight,Not a Pedestrian,Slight Injury
5-10yr,,Double carriageway (median),Tangent road with flat terrain,Crossing,Wet or damp,Daylight,Windy,2.0,Going straight,Not a Pedestrian,Slight Injury
2-5yr,Public (12 seats),Two-way (divided with broken lines road marking),Tangent road with flat terrain,No junction,Dry,Daylight,Normal,2.0,Going straight,Not a Pedestrian,Serious Injury
2-5yr,Public (12 seats),Two-way (divided with broken lines road marking),Tangent road with flat terrain,No junction,Dry,Daylight,Normal,2.0,U-Turn,Not a Pedestrian,Serious Injury
1-2yr,Automobile,Unknown,Tangent road with flat terrain,No junction,Dry,Daylight,Normal,2.0,Going straight,Not a Pedestrian,Serious Injury
2-5yr,,Double carriageway (median),Tangent road with flat terrain,No junction,Dry,Daylight,Normal,2.0,Going straight,Not a Pedestrian,Slight Injury
2-5yr,Automobile,Two-way (divided with broken lines road marking),Tangent road with flat terrain,No junction,Dry,Daylight,Normal,2.0,Going straight,Not a Pedestrian,Slight Injury
Above 10yr,Lorry (41?100Q),Two-way (divided with broken lines road marking),Tangent road with flat terrain,No junction,Dry,Daylight,Normal,2.0,Going straight,Not a Pedestrian,Slight Injury
Below 1yr,Public (12 seats),One way,Tangent road with flat terrain,No junction,Dry,Daylight,Normal,2.0,Turnover,Not a Pedestrian,Slight Injury
2-5yr,Lorry (11?40Q),Undivided Two way,Tangent road with flat terrain,No junction,Wet or damp,Darkness - lights lit,Normal,2.0,Going straight,Not a Pedestrian,Slight Injury
Above 10yr,Automobile,Undivided Two way,Tangent road with mountainous terrain and,No junction,Wet or damp,Darkness - lights lit,Normal,2.0,Going straight,Not a Pedestrian,Slight Injury
Above 10yr,Automobile,other,Tangent road with flat terrain,Y Shape,Wet or damp,Daylight,Raining,3.0,Moving Backward,Not a Pedestrian,Slight Injury
5-10yr,Automobile,Two-way (divided with broken lines road marking),Escarpments,Y Shape,Wet or damp,Daylight,Raining,3.0,Going straight,Not a Pedestrian,Slight Injury
Above 10yr,Bajaj,Undivided Two way,Tangent road with flat terrain,Y Shape,Wet or damp,Daylight,Raining,3.0,Moving Backward,Not a Pedestrian,Slight Injury
1-2yr,Public (12 seats),Two-way (divided with broken lines road marking),Tangent road with mountainous terrain and,Y Shape,Dry,Daylight,Unknown,1.0,Going straight,Not a Pedestrian,Slight Injury
2-5yr,Lorry (11?40Q),Double carriageway (median),Steep grade downward with mountainous terrain,No junction,Dry,Daylight,Normal,2.0,Going straight,Not a Pedestrian,Slight Injury
2-5yr,,Undivided Two way,Tangent road with mild grade and flat terrain,No junction,Dry,Daylight,Normal,2.0,Going straight,Not a Pedestrian,Slight Injury
5-10yr,,Undivided Two way,Tangent road with flat terrain,No junction,Wet or damp,Daylight,Normal,2.0,Going straight,Not a Pedestrian,Serious Injury
5-10yr,Automobile,Two-way (divided with broken lines road marking),Tangent road with flat terrain,No junction,Wet or damp,Daylight,Normal,2.0,U-Turn,Not a Pedestrian,Serious Injury
5-10yr,Lorry (11?40Q),Double carriageway (median),Tangent road with flat terrain,No junction,Wet or damp,Daylight,Normal,2.0,Going straight,Not a Pedestrian,Serious Injury
Above 10yr,Lorry (41?100Q),Undivided Two way,Tangent road with mountainous terrain and,Y Shape,Dry,Daylight,Normal,1.0,Going straight,Not a Pedestrian,Serious Injury
Below 1yr,Pick up upto 10Q,other,Tangent road with flat terrain,No junction,Wet or damp,Darkness - lights lit,Normal,3.0,Going straight,Not a Pedestrian,Slight Injury
Below 1yr,Lorry (11?40Q),Two-way (divided with broken lines road marking),Tangent road with mild grade and flat terrain,No junction,Wet or damp,Darkness - lights lit,Normal,3.0,Going straight,Not a Pedestrian,Slight Injury
Above 10yr,Stationwagen,Undivided Two way,Tangent road with flat terrain,No junction,Wet or damp,Darkness - lights lit,Normal,3.0,Going straight,Not a Pedestrian,Slight Injury
5-10yr,Other,Undivided Two way,Tangent road with flat terrain,No junction,Wet or damp,Darkness - lights lit,Normal,3.0,Going straight,Not a Pedestrian,Slight Injury
5-10yr,Other,Double carriageway (median),Tangent road with flat terrain,No junction,Wet or damp,Darkness - lights lit,Normal,3.0,Stopping,Not a Pedestrian,Slight Injury
2-5yr,Lorry (11?40Q),Undivided Two way,Tangent road with flat terrain,No junction,Wet or damp,Daylight,Raining,2.0,Turnover,Not a Pedestrian,Slight Injury
2-5yr,,Undivided Two way,Tangent road with flat terrain,No junction,Wet or damp,Daylight,Raining,2.0,Getting off,Not a Pedestrian,Slight Injury
5-10yr,Automobile,other,Tangent road with flat terrain,Y Shape,Dry,Darkness - lights lit,Normal,2.0,Moving Backward,Crossing from nearside - masked by parked or statioNot a Pedestrianry vehicle,Slight Injury
2-5yr,Lorry (41?100Q),Two-way (divided with broken lines road marking),Tangent road with flat terrain,Y Shape,Dry,Darkness - lights lit,Normal,2.0,Moving Backward,Not a Pedestrian,Slight Injury
,Other,Two-way (divided with broken lines road marking),Tangent road with flat terrain,No junction,Dry,Daylight,Normal,1.0,Going straight,Not a Pedestrian,Slight Injury
2-5yr,Lorry (41?100Q),Undivided Two way,Tangent road with flat terrain,No junction,Dry,Daylight,Normal,3.0,Turnover,Not a Pedestrian,Serious Injury
5-10yr,Automobile,Double carriageway (median),Tangent road with flat terrain,No junction,Dry,Daylight,Normal,3.0,Going straight,Not a Pedestrian,Serious Injury
2-5yr,Pick up upto 10Q,Double carriageway (median),Tangent road with flat terrain,No junction,Dry,Daylight,Normal,3.0,Going straight,Not a Pedestrian,Serious Injury
1-2yr,Lorry (41?100Q),Two-way (divided with broken lines road marking),Tangent road with flat terrain,No junction,Dry,Daylight,Normal,3.0,U-Turn,Not a Pedestrian,Serious Injury
,Public (13?45 seats),Two-way (divided with broken lines road marking),Tangent road with flat terrain,No junction,Dry,Daylight,Normal,3.0,Going straight,Not a Pedestrian,Serious Injury
1-2yr,Long lorry,Two-way (divided with broken lines road marking),Tangent road with flat terrain,No junction,Dry,Daylight,Normal,3.0,Going straight,Not a Pedestrian,Serious Injury
2-5yr,Automobile,Two-way (divided with broken lines road marking),Tangent road with flat terrain,No junction,Dry,Daylight,Normal,3.0,U-Turn,Not a Pedestrian,Serious Injury
1-2yr,Automobile,Double carriageway (median),Tangent road with flat terrain,Y Shape,Dry,Daylight,Normal,2.0,Stopping,Not a Pedestrian,Slight Injury
Above 10yr,Other,Double carriageway (median),Tangent road with flat terrain,Y Shape,Dry,Daylight,Normal,2.0,Going straight,Not a Pedestrian,Slight Injury
2-5yr,,Two-way (divided with broken lines road marking),Tangent road with mild grade and flat terrain,No junction,Dry,Daylight,Normal,2.0,Moving Backward,Not a Pedestrian,Slight Injury
2-5yr,Long lorry,Two-way (divided with broken lines road marking),Tangent road with mild grade and flat terrain,No junction,Dry,Daylight,Normal,2.0,Getting off,Not a Pedestrian,Slight Injury
2-5yr,Public (12 seats),Two-way (divided with broken lines road marking),Tangent road with flat terrain,T Shape,Dry,Daylight,Normal,2.0,Going straight,Not a Pedestrian,Slight Injury
2-5yr,Public (12 seats),other,Tangent road with flat terrain,T Shape,Dry,Daylight,Normal,2.0,Going straight,Not a Pedestrian,Slight Injury
2-5yr,Other,Two-way (divided with broken lines road marking),Tangent road with flat terrain,No junction,Wet or damp,Daylight,Normal,2.0,Turnover,Not a Pedestrian,Slight Injury
2-5yr,Other,Two-way (divided with broken lines road marking),Tangent road with flat terrain,No junction,Wet or damp,Daylight,Normal,2.0,Moving Backward,Not a Pedestrian,Slight Injury
5-10yr,Other,Two-way (divided with broken lines road marking),Tangent road with flat terrain,No junction,Wet or damp,Daylight,Normal,2.0,Going straight,Not a Pedestrian,Slight Injury
2-5yr,Public (12 seats),Two-way (divided with broken lines road marking),Tangent road with flat terrain,No junction,Dry,Daylight,Normal,2.0,Moving Backward,Not a Pedestrian,Slight Injury
Above 10yr,Lorry (41?100Q),,Tangent road with flat terrain,No junction,Dry,Daylight,Normal,2.0,Going straight,Not a Pedestrian,Slight Injury
Above 10yr,Other,Two-way (divided with broken lines road marking),,No junction,Dry,Darkness - lights lit,Unknown,2.0,,Not a Pedestrian,Slight Injury
Above 10yr,Public (12 seats),Undivided Two way,Tangent road with flat terrain,No junction,Dry,Darkness - lights lit,Unknown,2.0,Going straight,Not a Pedestrian,Slight Injury
5-10yr,Other,Undivided Two way,Tangent road with flat terrain,No junction,Dry,Darkness - lights lit,Unknown,2.0,,Not a Pedestrian,Slight Injury
2-5yr,Lorry (11?40Q),One way,Tangent road with flat terrain,No junction,Dry,Daylight,Normal,2.0,Going straight,Not a Pedestrian,Serious Injury
1-2yr,Other,Two-way (divided with broken lines road marking),Tangent road with flat terrain,No junction,Dry,Daylight,Normal,2.0,,Not a Pedestrian,Serious Injury
2-5yr,Other,One way,Tangent road with flat terrain,O Shape,Dry,Daylight,Normal,2.0,Going straight,Not a Pedestrian,Slight Injury
5-10yr,Other,Two-way (divided with broken lines road marking),Tangent road with flat terrain,O Shape,Dry,Daylight,Normal,2.0,Going straight,Not a Pedestrian,Slight Injury
,Pick up upto 10Q,Double carriageway (median),Tangent road with flat terrain,O Shape,Dry,Daylight,Normal,2.0,Going straight,Not a Pedestrian,Slight Injury
5-10yr,Automobile,Unknown,Tangent road with flat terrain,No junction,Dry,Daylight,Normal,2.0,Going straight,Not a Pedestrian,Slight Injury
Above 10yr,Other,,Tangent road with flat terrain,No junction,Dry,Daylight,Normal,2.0,Going straight,Not a Pedestrian,Slight Injury
Above 10yr,Lorry (41?100Q),other,Tangent road with flat terrain,No junction,Wet or damp,Daylight,Normal,2.0,Other,Not a Pedestrian,Slight Injury
1-2yr,Public (13?45 seats),,Tangent road with flat terrain,No junction,Wet or damp,Daylight,Normal,2.0,Other,Not a Pedestrian,Slight Injury
,Automobile,One way,Tangent road with flat terrain,No junction,Dry,Daylight,Normal,3.0,Going straight,Not a Pedestrian,Slight Injury
2-5yr,Pick up upto 10Q,Undivided Two way,Tangent road with flat terrain,No junction,Dry,Daylight,Normal,3.0,Going straight,Not a Pedestrian,Slight Injury
5-10yr,Lorry (41?100Q),Two-way (divided with broken lines road marking),Tangent road with flat terrain,No junction,Dry,Daylight,Normal,3.0,Getting off,Not a Pedestrian,Slight Injury
2-5yr,Public (12 seats),Two-way (divided with broken lines road marking),Tangent road with flat terrain,No junction,Dry,Daylight,Normal,3.0,Going straight,Not a Pedestrian,Slight Injury
Above 10yr,Other,Two-way (divided with broken lines road marking),,Y Shape,Dry,Daylight,Normal,2.0,Going straight,Not a Pedestrian,Slight Injury
5-10yr,Lorry (41?100Q),Two-way (divided with broken lines road marking),Tangent road with flat terrain,Y Shape,Dry,Daylight,Normal,2.0,Going straight,Not a Pedestrian,Slight Injury
5-10yr,Pick up upto 10Q,other,Tangent road with flat terrain,T Shape,Dry,Daylight,Normal,2.0,Going straight,Not a Pedestrian,Slight Injury
1-2yr,Other,other,Tangent road with flat terrain,T Shape,Dry,Daylight,Normal,2.0,Going straight,Not a Pedestrian,Slight Injury
Above 10yr,Lorry (41?100Q),Two-way (divided with broken lines road marking),Tangent road with flat terrain,Y Shape,Dry,Daylight,Normal,2.0,Getting off,Not a Pedestrian,Slight Injury
5-10yr,Ridden horse,Undivided Two way,Tangent road with flat terrain,Y Shape,Dry,Daylight,Normal,2.0,Going straight,Not a Pedestrian,Slight Injury
2-5yr,Automobile,other,Tangent road with flat terrain,Y Shape,Dry,Daylight,Normal,1.0,Going straight,Not a Pedestrian,Slight Injury
2-5yr,Automobile,other,Tangent road with flat terrain,No junction,Wet or damp,Daylight,Raining,2.0,Other,Not a Pedestrian,Slight Injury
5-10yr,Stationwagen,Undivided Two way,Tangent road with flat terrain,No junction,Wet or damp,Daylight,Raining,2.0,Going straight,Not a Pedestrian,Slight Injury
1-2yr,Other,other,Tangent road with flat terrain,No junction,Dry,Daylight,Normal,2.0,Going straight,Not a Pedestrian,Slight Injury
5-10yr,Lorry (41?100Q),Undivided Two way,Tangent road with flat terrain,No junction,Dry,Daylight,Normal,2.0,Going straight,Not a Pedestrian,Slight Injury
5-10yr,Lorry (41?100Q),Undivided Two way,Tangent road with flat terrain,Y Shape,Dry,Daylight,Normal,1.0,Going straight,Not a Pedestrian,Slight Injury
5-10yr,Long lorry,Double carriageway (median),Tangent road with flat terrain,No junction,Dry,Daylight,Normal,1.0,Going straight,Not a Pedestrian,Slight Injury
Above 10yr,Stationwagen,other,Tangent road with flat terrain,Y Shape,Wet or damp,Daylight,Raining,2.0,Reversing,Not a Pedestrian,Serious Injury
2-5yr,Public (12 seats),Two-way (divided with broken lines road marking),Tangent road with flat terrain,Y Shape,Wet or damp,Daylight,Raining,2.0,Other,Not a Pedestrian,Serious Injury
5-10yr,Automobile,other,Tangent road with flat terrain,No junction,Dry,Daylight,Normal,3.0,Going straight,Not a Pedestrian,Slight Injury
,Public (12 seats),other,Steep grade downward with mountainous terrain,No junction,Dry,Daylight,Normal,3.0,Going straight,Not a Pedestrian,Slight Injury
5-10yr,Lorry (41?100Q),Two-way (divided with broken lines road marking),Tangent road with mild grade and flat terrain,No junction,Dry,Daylight,Normal,3.0,Going straight,Not a Pedestrian,Slight Injury
,Automobile,other,Steep grade downward with mountainous terrain,No junction,Wet or damp,Daylight,Raining,1.0,Going straight,Not a Pedestrian,Serious Injury
,Lorry (41?100Q),Undivided Two way,Tangent road with flat terrain,Y Shape,Wet or damp,Darkness - lights lit,Normal,2.0,Going straight,Not a Pedestrian,Slight Injury
1-2yr,Lorry (41?100Q),Undivided Two way,Tangent road with flat terrain,Y Shape,Wet or damp,Darkness - lights lit,Normal,2.0,Going straight,Not a Pedestrian,Slight Injury
5-10yr,Pick up upto 10Q,Two-way (divided with broken lines road marking),Tangent road with flat terrain,No junction,Wet or damp,Daylight,Raining,1.0,Going straight,Not a Pedestrian,Slight Injury
2-5yr,Other,Undivided Two way,Tangent road with flat terrain,Y Shape,Wet or damp,Daylight,Raining,2.0,Going straight,Not a Pedestrian,Slight Injury
5-10yr,Automobile,Double carriageway (median),Tangent road with flat terrain,Y Shape,Wet or damp,Daylight,Raining,2.0,Going straight,Not a Pedestrian,Slight Injury
2-5yr,Automobile,other,Tangent road with flat terrain,No junction,Dry,Daylight,Normal,2.0,Moving Backward,Not a Pedestrian,Slight Injury
Above 10yr,Lorry (11?40Q),Two-way (divided with broken lines road marking),Tangent road with flat terrain,No junction,Dry,Daylight,Normal,2.0,Moving Backward,Not a Pedestrian,Slight Injury
Below 1yr,Bajaj,Two-way (divided with broken lines road marking),Tangent road with flat terrain,No junction,Dry,Daylight,Normal,2.0,Turnover,Crossing from nearside - masked by parked or statioNot a Pedestrianry vehicle,Slight Injury
Below 1yr,Automobile,Undivided Two way,Tangent road with mountainous terrain and,No junction,Dry,Daylight,Normal,2.0,Other,Not a Pedestrian,Slight Injury
,Lorry (41?100Q),Undivided Two way,Tangent road with flat terrain,No junction,Dry,Daylight,Normal,1.0,Other,Not a Pedestrian,Slight Injury
2-5yr,Lorry (11?40Q),Undivided Two way,Tangent road with flat terrain,No junction,Dry,Darkness - lights lit,Normal,1.0,Going straight,Not a Pedestrian,Slight Injury
,Lorry (11?40Q),Two-way (divided with broken lines road marking),Tangent road with flat terrain,Crossing,Dry,Daylight,Normal,3.0,Going straight,Unknown or other,Slight Injury
No Licence,Automobile,other,Tangent road with flat terrain,Crossing,Dry,Daylight,Normal,3.0,Other,Not a Pedestrian,Slight Injury
Above 10yr,,,Steep grade downward with mountainous terrain,Crossing,Dry,Daylight,Normal,3.0,Other,Not a Pedestrian,Slight Injury
Above 10yr,Automobile,Double carriageway (median),Tangent road with flat terrain,Crossing,Dry,Daylight,Normal,3.0,Going straight,Not a Pedestrian,Slight Injury
Above 10yr,Public (13?45 seats),Two-way (divided with broken lines road marking),Steep grade downward with mountainous terrain,Y Shape,Dry,Daylight,Normal,1.0,Reversing,Not a Pedestrian,Slight Injury
Above 10yr,Public (12 seats),Two-way (divided with broken lines road marking),Tangent road with rolling terrain,No junction,Dry,Daylight,Normal,1.0,Other,Not a Pedestrian,Slight Injury
5-10yr,Other,Two-way (divided with broken lines road marking),Tangent road with flat terrain,Other,Dry,Daylight,Normal,2.0,Turnover,Not a Pedestrian,Slight Injury
Below 1yr,Automobile,,Tangent road with mild grade and flat terrain,Other,Dry,Daylight,Normal,2.0,Going straight,Not a Pedestrian,Slight Injury
2-5yr,Automobile,Two-way (divided with broken lines road marking),Tangent road with mild grade and flat terrain,Y Shape,Dry,Daylight,Normal,2.0,Going straight,Not a Pedestrian,Slight Injury
,Public (13?45 seats),Double carriageway (median),Tangent road with flat terrain,Y Shape,Dry,Daylight,Normal,2.0,Going straight,Not a Pedestrian,Slight Injury
1-2yr,Public (13?45 seats),Two-way (divided with broken lines road marking),Tangent road with flat terrain,No junction,Dry,Daylight,Normal,2.0,Going straight,Not a Pedestrian,Slight Injury
1-2yr,Automobile,Undivided Two way,Tangent road with flat terrain,No junction,Dry,Daylight,Normal,2.0,Going straight,Not a Pedestrian,Slight Injury
1-2yr,Other,Two-way (divided with broken lines road marking),Tangent road with flat terrain,Y Shape,Dry,Daylight,Normal,2.0,Going straight,Not a Pedestrian,Slight Injury
5-10yr,Pick up upto 10Q,,Tangent road with flat terrain,Y Shape,Dry,Daylight,Normal,2.0,Going straight,Not a Pedestrian,Slight Injury
Above 10yr,Lorry (41?100Q),Two-way (divided with broken lines road marking),Tangent road with flat terrain,T Shape,Dry,Daylight,Normal,3.0,Going straight,Not a Pedestrian,Serious Injury
Above 10yr,Automobile,Two-way (divided with broken lines road marking),Tangent road with mild grade and flat terrain,T Shape,Dry,Daylight,Normal,3.0,Going straight,Not a Pedestrian,Serious Injury
5-10yr,Automobile,Two-way (divided with broken lines road marking),Tangent road with mild grade and flat terrain,T Shape,Dry,Daylight,Normal,3.0,Other,Not a Pedestrian,Serious Injury
2-5yr,Lorry (41?100Q),Two-way (divided with broken lines road marking),Tangent road with flat terrain,Crossing,Dry,Daylight,Normal,4.0,Going straight,Not a Pedestrian,Slight Injury
Below 1yr,,Two-way (divided with broken lines road marking),Tangent road with flat terrain,Crossing,Dry,Daylight,Normal,4.0,Going straight,Not a Pedestrian,Slight Injury
1-2yr,Other,Double carriageway (median),Tangent road with flat terrain,Crossing,Dry,Daylight,Normal,4.0,Moving Backward,Not a Pedestrian,Slight Injury
5-10yr,Automobile,Undivided Two way,Tangent road with flat terrain,Crossing,Dry,Daylight,Normal,4.0,Going straight,Not a Pedestrian,Slight Injury
Below 1yr,Automobile,Two-way (divided with broken lines road marking),Tangent road with flat terrain,Crossing,Dry,Daylight,Normal,4.0,Moving Backward,Not a Pedestrian,Slight Injury
5-10yr,Automobile,Two-way (divided with broken lines road marking),Tangent road with flat terrain,Crossing,Dry,Daylight,Normal,4.0,Other,Not a Pedestrian,Slight Injury
2-5yr,Automobile,,Tangent road with flat terrain,Crossing,Dry,Daylight,Normal,4.0,Going straight,Not a Pedestrian,Slight Injury
5-10yr,Lorry (41?100Q),Undivided Two way,Tangent road with mild grade and flat terrain,Crossing,Dry,Daylight,Normal,2.0,Reversing,Not a Pedestrian,Slight Injury
5-10yr,Other,Two-way (divided with broken lines road marking),Tangent road with flat terrain,Crossing,Dry,Daylight,Normal,2.0,Going straight,Not a Pedestrian,Slight Injury
Above 10yr,Pick up upto 10Q,other,Tangent road with flat terrain,No junction,Dry,Daylight,Normal,1.0,Other,Not a Pedestrian,Slight Injury
1-2yr,Stationwagen,other,Tangent road with flat terrain,No junction,Dry,Darkness - lights lit,Normal,1.0,Other,Not a Pedestrian,Slight Injury
Below 1yr,Other,Undivided Two way,Tangent road with flat terrain,No junction,Dry,Darkness - lights lit,Normal,1.0,Other,Not a Pedestrian,Slight Injury
Above 10yr,Pick up upto 10Q,Two-way (divided with broken lines road marking),Tangent road with flat terrain,No junction,Dry,Darkness - lights lit,Normal,1.0,Stopping,Not a Pedestrian,Slight Injury
1-2yr,Stationwagen,One way,Tangent road with flat terrain,Y Shape,Dry,Daylight,Normal,2.0,Other,Not a Pedestrian,Slight Injury
2-5yr,Lorry (41?100Q),Two-way (divided with broken lines road marking),Tangent road with flat terrain,Y Shape,Dry,Daylight,Normal,2.0,Other,Not a Pedestrian,Slight Injury
5-10yr,Automobile,Undivided Two way,Tangent road with flat terrain,Crossing,Dry,Daylight,Normal,2.0,Other,Not a Pedestrian,Slight Injury
2-5yr,,Undivided Two way,Tangent road with flat terrain,Crossing,Dry,Daylight,Normal,2.0,Going straight,Not a Pedestrian,Slight Injury
Above 10yr,Automobile,Two-way (divided with broken lines road marking),Tangent road with flat terrain,No junction,Dry,Daylight,Normal,1.0,Going straight,Not a Pedestrian,Serious Injury
1-2yr,Automobile,Two-way (divided with broken lines road marking),Tangent road with flat terrain,Y Shape,Dry,Daylight,Normal,2.0,Going straight,Not a Pedestrian,Serious Injury
1-2yr,Turbo,Undivided Two way,Tangent road with mountainous terrain and,Y Shape,Dry,Daylight,Normal,2.0,Going straight,Not a Pedestrian,Serious Injury
1-2yr,,Undivided Two way,Tangent road with flat terrain,Y Shape,Dry,Daylight,Normal,2.0,Going straight,Not a Pedestrian,Serious Injury
5-10yr,Stationwagen,Two-way (divided with broken lines road marking),Tangent road with flat terrain,No junction,Dry,Daylight,Normal,2.0,Going straight,Not a Pedestrian,Slight Injury
,Automobile,Two-way (divided with broken lines road marking),Tangent road with mild grade and flat terrain,No junction,Dry,Daylight,Normal,2.0,Going straight,Not a Pedestrian,Slight Injury
5-10yr,Automobile,other,Tangent road with flat terrain,No junction,Wet or damp,Daylight,Normal,1.0,Going straight,Not a Pedestrian,Serious Injury
5-10yr,Automobile,Two-way (divided with broken lines road marking),Tangent road with flat terrain,No junction,Dry,Daylight,Normal,2.0,Going straight,Not a Pedestrian,Serious Injury
5-10yr,Pick up upto 10Q,Double carriageway (median),Tangent road with flat terrain,No junction,Dry,Daylight,Normal,2.0,Going straight,Not a Pedestrian,Serious Injury
5-10yr,Lorry (41?100Q),One way,Tangent road with flat terrain,No junction,Dry,Daylight,Normal,1.0,Going straight,Not a Pedestrian,Slight Injury
5-10yr,Lorry (41?100Q),Undivided Two way,Tangent road with flat terrain,Y Shape,Dry,Daylight,Normal,2.0,Reversing,Not a Pedestrian,Slight Injury
1-2yr,Automobile,Undivided Two way,Tangent road with flat terrain,Y Shape,Dry,Daylight,Normal,2.0,Going straight,Not a Pedestrian,Slight Injury
2-5yr,Lorry (41?100Q),One way,Tangent road with mild grade and flat terrain,Y Shape,Dry,Daylight,Normal,2.0,Other,Not a Pedestrian,Slight Injury
5-10yr,Lorry (41?100Q),Undivided Two way,Tangent road with flat terrain,Y Shape,Dry,Daylight,Normal,2.0,,Not a Pedestrian,Slight Injury
Above 10yr,Lorry (41?100Q),Undivided Two way,Tangent road with flat terrain,No junction,Wet or damp,Daylight,Cloudy,2.0,Getting off,Not a Pedestrian,Slight Injury
5-10yr,Lorry (41?100Q),Undivided Two way,Tangent road with flat terrain,No junction,Wet or damp,Daylight,Cloudy,2.0,Going straight,Not a Pedestrian,Slight Injury
2-5yr,Automobile,Two-way (divided with broken lines road marking),Tangent road with flat terrain,Y Shape,Dry,Daylight,Normal,1.0,Going straight,Not a Pedestrian,Slight Injury
5-10yr,Automobile,Two-way (divided with broken lines road marking),Tangent road with mild grade and flat terrain,No junction,Dry,Darkness - lights lit,Normal,2.0,Going straight,Not a Pedestrian,Slight Injury
2-5yr,Automobile,Two-way (divided with broken lines road marking),Tangent road with flat terrain,No junction,Dry,Darkness - lights lit,Normal,2.0,Going straight,Not a Pedestrian,Slight Injury
5-10yr,Public (13?45 seats),Undivided Two way,Tangent road with flat terrain,No junction,Dry,Daylight,Normal,2.0,Turnover,Not a Pedestrian,Slight Injury
1-2yr,Automobile,Undivided Two way,Tangent road with flat terrain,No junction,Dry,Daylight,Normal,2.0,Entering a junction,Not a Pedestrian,Slight Injury
5-10yr,Public (13?45 seats),Undivided Two way,Tangent road with flat terrain,No junction,Wet or damp,Daylight,Normal,1.0,Entering a junction,Not a Pedestrian,Serious Injury
,Public (13?45 seats),Undivided Two way,Tangent road with flat terrain,Other,Dry,Darkness - lights lit,Normal,2.0,Entering a junction,Not a Pedestrian,Slight Injury
Above 10yr,Automobile,other,Tangent road with flat terrain,Other,Dry,Darkness - lights lit,Normal,2.0,Entering a junction,Not a Pedestrian,Slight Injury
Below 1yr,Lorry (11?40Q),Undivided Two way,Tangent road with flat terrain,No junction,Dry,Darkness - lights lit,Normal,2.0,Other,Not a Pedestrian,Slight Injury
2-5yr,Automobile,Undivided Two way,Tangent road with flat terrain,No junction,Dry,Darkness - lights lit,Normal,2.0,Entering a junction,Not a Pedestrian,Slight Injury
1-2yr,Lorry (41?100Q),other,Steep grade downward with mountainous terrain,No junction,Dry,Darkness - lights lit,Normal,2.0,Turnover,Not a Pedestrian,Slight Injury
5-10yr,Other,One way,Tangent road with flat terrain,No junction,Dry,Darkness - lights lit,Normal,2.0,Entering a junction,Not a Pedestrian,Slight Injury
2-5yr,Pick up upto 10Q,Undivided Two way,Tangent road with flat terrain,No junction,Dry,Darkness - lights lit,Normal,2.0,Entering a junction,Not a Pedestrian,Slight Injury
2-5yr,Lorry (11?40Q),Undivided Two way,Tangent road with flat terrain,No junction,Dry,Daylight,Normal,3.0,Entering a junction,Not a Pedestrian,Slight Injury
2-5yr,Motorcycle,Two-way (divided with broken lines road marking),Tangent road with flat terrain,No junction,Dry,Daylight,Normal,3.0,Entering a junction,Not a Pedestrian,Slight Injury
Above 10yr,Pick up upto 10Q,other,Tangent road with flat terrain,No junction,Dry,Daylight,Normal,3.0,Entering a junction,Not a Pedestrian,Slight Injury
2-5yr,Lorry (11?40Q),Two-way (divided with broken lines road marking),Tangent road with flat terrain,Crossing,Wet or damp,Darkness - no lighting,Raining,2.0,Other,Not a Pedestrian,Slight Injury
1-2yr,Lorry (11?40Q),Two-way (divided with broken lines road marking),Tangent road with flat terrain,Crossing,Wet or damp,Darkness - no lighting,Raining,2.0,Going straight,Not a Pedestrian,Slight Injury
2-5yr,Automobile,Undivided Two way,Tangent road with flat terrain,Crossing,Dry,Daylight,Normal,2.0,Going straight,Not a Pedestrian,Slight Injury
5-10yr,Automobile,Undivided Two way,Tangent road with flat terrain,Crossing,Dry,Daylight,Normal,2.0,Other,Not a Pedestrian,Slight Injury