driving_experience,type_of_vehicle,lanes_or_medians,road_allignment,types_of_junction,road_surface_conditions,light_conditions,weather_conditions,number_of_vehicles_involved,vehicle_movement,pedestrian_movement,accident_severity
5-10yr,Public (12 seats),Two-way (divided with broken lines road marking),Tangent road with flat terrain,Y Shape,Wet or damp,Daylight,Raining,2.0,Going straight,Not a Pedestrian,Slight Injury
2-5yr,Automobile,Two-way (divided with broken lines road marking),Tangent road with flat terrain,Y Shape,Wet or damp,Daylight,Raining,2.0,Going straight,Not a Pedestrian,Slight Injury
1-2yr,Other,One way,Tangent road with flat terrain,Y Shape,Dry,Daylight,Normal,1.0,Turnover,Not a Pedestrian,Serious Injury
1-2yr,Public (12 seats),Undivided Two way,Tangent road with flat terrain,No junction,Dry,Daylight,Normal,2.0,Going straight,Not a Pedestrian,Slight Injury
5-10yr,Stationwagen,Undivided Two way,Tangent road with mountainous terrain and,No junction,Dry,Daylight,Normal,2.0,Going straight,Not a Pedestrian,Slight Injury
unknown,Lorry (41?100Q),other,Tangent road with flat terrain,Y Shape,Wet or damp,Daylight,Raining,2.0,Reversing,Not a Pedestrian,Slight Injury
5-10yr,Lorry (41?100Q),Two-way (divided with broken lines road marking),Escarpments,Y Shape,Wet or damp,Daylight,Raining,2.0,Other,Not a Pedestrian,Slight Injury
1-2yr,Lorry (41?100Q),Undivided Two way,Tangent road with flat terrain,Y Shape,Wet or damp,Daylight,Raining,2.0,Going straight,Not a Pedestrian,Slight Injury
2-5yr,Automobile,Two-way (divided with broken lines road marking),Tangent road with mountainous terrain and,No junction,Wet or damp,Daylight,Normal,1.0,Going straight,Not a Pedestrian,Slight Injury
Above 10yr,Lorry (41?100Q),Double carriageway (median),Steep grade downward with mountainous terrain,Y Shape,Dry,Daylight,Normal,2.0,Moving Backward,Not a Pedestrian,Slight Injury
5-10yr,,Undivided Two way,Tangent road with mild grade and flat terrain,Y Shape,Dry,Daylight,Normal,2.0,Reversing,Not a Pedestrian,Slight Injury
1-2yr,Public (12 seats),Undivided Two way,Tangent road with flat terrain,Other,Dry,Daylight,Normal,2.0,Going straight,Not a Pedestrian,Slight Injury
Above 10yr,Automobile,Two-way (divided with broken lines road marking),Tangent road with flat terrain,Other,Dry,Daylight,Normal,2.0,Going straight,Not a Pedestrian,Slight Injury
1-2yr,Stationwagen,Double carriageway (median),Tangent road with flat terrain,Other,Dry,Darkness - lights lit,Normal,1.0,Moving Backward,Not a Pedestrian,Slight Injury
2-5yr,Automobile,Undivided Two way,Tangent road with mountainous terrain and,No junction,Wet or damp,Daylight,Normal,3.0,Going straight,Not a Pedestrian,Slight Injury
Above 10yr,Lorry (41?100Q),other,Tangent road with flat terrain,No junction,Wet or damp,Daylight,Normal,3.0,Going straight,Not a Pedestrian,Slight Injury
2-5yr,Other,Two-way (divided with broken lines road marking),Tangent road with mild grade and flat terrain,No junction,Wet or damp,Daylight,Normal,3.0,Going straight,Not a Pedestrian,Slight Injury
5-10yr,Pick up upto 10Q,Undivided Two way,Tangent road with flat terrain,No junction,Wet or damp,Daylight,Normal,3.0,Going straight,Not a Pedestrian,Slight Injury
,,Undivided Two way,Tangent road with flat terrain,Other,Dry,Daylight,Normal,2.0,Going straight,Not a Pedestrian,Slight Injury
1-2yr,Lorry (41?100Q),Double carriageway (median),Tangent road with flat terrain,Other,Dry,Daylight,Normal,2.0,Going straight,Not a Pedestrian,Slight Injury
5-10yr,Automobile,Undivided Two way,Tangent road with flat terrain,No junction,Dry,Darkness - lights lit,Other,2.0,,Not a Pedestrian,Slight Injury
5-10yr,Public (13?45 seats),Undivided Two way,Tangent road with flat terrain,No junction,Dry,Darkness - lights lit,Other,2.0,Going straight,Not a Pedestrian,Slight Injury
1-2yr,Automobile,other,Tangent road with flat terrain,No junction,Dry,Daylight,Other,1.0,Reversing,Not a Pedestrian,Slight Injury
5-10yr,Lorry (41?100Q),Two-way (divided with broken lines road marking),Tangent road with flat terrain,No junction,Wet or damp,Daylight,Normal,1.0,Going straight,Not a Pedestrian,Slight Injury
5-10yr,Public (12 seats),Two-way (divided with broken lines road marking),Tangent road with flat terrain,No junction,Dry,Daylight,Normal,2.0,Going straight,Not a Pedestrian,Slight Injury
2-5yr,Motorcycle,Undivided Two way,Tangent road with flat terrain,No junction,Dry,Daylight,Normal,2.0,Going straight,Unknown or other,Slight Injury
1-2yr,Public (12 seats),Double carriageway (median),Tangent road with flat terrain,Y Shape,Dry,Darkness - lights lit,Normal,1.0,Going straight,Not a Pedestrian,Fatal injury
5-10yr,Lorry (41?100Q),Double carriageway (median),Tangent road with flat terrain,Crossing,Dry,Darkness - lights lit,Normal,2.0,Going straight,Not a Pedestrian,Slight Injury
Below 1yr,Automobile,Two-way (divided with broken lines road marking),Tangent road with flat terrain,Crossing,Dry,Darkness - lights lit,Normal,2.0,Going straight,Not a Pedestrian,Slight Injury
5-10yr,Lorry (41?100Q),Two-way (divided with broken lines road marking),Tangent road with flat terrain,Crossing,Dry,Daylight,Normal,1.0,Other,Not a Pedestrian,Slight Injury
5-10yr,Stationwagen,Two-way (divided with broken lines road marking),Tangent road with flat terrain,No junction,Dry,Darkness - no lighting,Normal,2.0,Moving Backward,Not a Pedestrian,Slight Injury
5-10yr,Pick up upto 10Q,Two-way (divided with broken lines road marking),Tangent road with flat terrain,No junction,Dry,Darkness - no lighting,Normal,2.0,Other,Not a Pedestrian,Slight Injury
5-10yr,Automobile,Double carriageway (median),Tangent road with flat terrain,No junction,Dry,Darkness - no lighting,Normal,2.0,Going straight,Not a Pedestrian,Slight Injury
2-5yr,Automobile,Double carriageway (median),Tangent road with flat terrain,Other,Dry,Daylight,Normal,2.0,Going straight,Not a Pedestrian,Slight Injury
5-10yr,,Two-way (divided with broken lines road marking),Tangent road with mild grade and flat terrain,Other,Dry,Daylight,Normal,2.0,Going straight,Not a Pedestrian,Slight Injury
Above 10yr,Other,Two-way (divided with broken lines road marking),Tangent road with mild grade and flat terrain,No junction,Dry,Daylight,Normal,1.0,Other,Not a Pedestrian,Slight Injury
Below 1yr,Automobile,Two-way (divided with broken lines road marking),Tangent road with flat terrain,No junction,Dry,Daylight,Normal,1.0,Going straight,Not a Pedestrian,Slight Injury
5-10yr,Public (13?45 seats),other,Tangent road with flat terrain,Crossing,Dry,Darkness - lights lit,Normal,2.0,,Not a Pedestrian,Slight Injury
2-5yr,Public (13?45 seats),Two-way (divided with broken lines road marking),Tangent road with flat terrain,Crossing,Dry,Darkness - lights lit,Normal,2.0,Going straight,Not a Pedestrian,Slight Injury
2-5yr,Automobile,Two-way (divided with broken lines road marking),Tangent road with flat terrain,No junction,Dry,Daylight,Normal,2.0,Going straight,Not a Pedestrian,Slight Injury
1-2yr,Public (12 seats),Two-way (divided with broken lines road marking),Tangent road with flat terrain,No junction,Dry,Daylight,Normal,2.0,Going straight,Not a Pedestrian,Slight Injury
2-5yr,Public (12 seats),Two-way (divided with broken lines road marking),Tangent road with flat terrain,Y Shape,Dry,Daylight,Normal,2.0,Going straight,"In carriageway, statioNot a Pedestrianry - not crossing (standing or playing) - masked by parked or statioNot a Pedestrianry vehicle",Slight Injury
2-5yr,Lorry (41?100Q),,Tangent road with flat terrain,Y Shape,Dry,Daylight,Normal,2.0,Moving Backward,Not a Pedestrian,Slight Injury
Above 10yr,Automobile,Two-way (divided with broken lines road marking),,No junction,Dry,Darkness - lights lit,Normal,2.0,Moving Backward,Not a Pedestrian,Serious Injury
Below 1yr,Pick up upto 10Q,Undivided Two way,Tangent road with flat terrain,No junction,Dry,Darkness - lights lit,Normal,2.0,Going straight,Not a Pedestrian,Serious Injury
2-5yr,Pick up upto 10Q,Undivided Two way,Tangent road with flat terrain,Y Shape,Dry,Daylight,Normal,3.0,Going straight,Not a Pedestrian,Slight Injury
Above 10yr,Lorry (41?100Q),One way,Tangent road with flat terrain,Y Shape,Dry,Daylight,Normal,3.0,Turnover,Crossing from nearside - masked by parked or statioNot a Pedestrianry vehicle,Slight Injury
Above 10yr,Automobile,Two-way (divided with broken lines road marking),Tangent road with flat terrain,Y Shape,Dry,Daylight,Normal,3.0,Going straight,Not a Pedestrian,Slight Injury
5-10yr,Stationwagen,One way,Tangent road with flat terrain,No junction,Dry,Daylight,Normal,1.0,Going straight,Not a Pedestrian,Slight Injury
Above 10yr,Motorcycle,Two-way (divided with broken lines road marking),Tangent road with flat terrain,No junction,Dry,Daylight,Normal,1.0,Going straight,Not a Pedestrian,Slight Injury
1-2yr,,Double carriageway (median),Tangent road with flat terrain,No junction,Dry,Daylight,Normal,2.0,Going straight,Not a Pedestrian,Slight Injury
2-5yr,Other,Unknown,Tangent road with flat terrain,No junction,Dry,Daylight,Normal,2.0,Going straight,Not a Pedestrian,Slight Injury
2-5yr,Automobile,,Tangent road with flat terrain,No junction,Dry,Daylight,Normal,2.0,Going straight,Not a Pedestrian,Slight Injury
5-10yr,Automobile,other,Tangent road with flat terrain,No junction,Dry,Daylight,Normal,1.0,Going straight,Not a Pedestrian,Slight Injury
5-10yr,,,Tangent road with flat terrain,Other,Dry,Darkness - lights lit,Normal,3.0,Going straight,Not a Pedestrian,Serious Injury
5-10yr,Public (> 45 seats),One way,Tangent road with flat terrain,Other,Dry,Darkness - lights lit,Normal,3.0,,Not a Pedestrian,Serious Injury
Above 10yr,Automobile,Undivided Two way,Tangent road with flat terrain,Other,Dry,Darkness - lights lit,Normal,3.0,Other,Not a Pedestrian,Serious Injury
Below 1yr,Other,Two-way (divided with broken lines road marking),Tangent road with flat terrain,No junction,Dry,Daylight,Normal,1.0,Getting off,Crossing from nearside - masked by parked or statioNot a Pedestrianry vehicle,Serious Injury
Below 1yr,Automobile,Two-way (divided with broken lines road marking),Tangent road with flat terrain,No junction,Dry,Daylight,Normal,2.0,Going straight,Not a Pedestrian,Slight Injury
Above 10yr,Other,Two-way (divided with broken lines road marking),,No junction,Dry,Daylight,Normal,2.0,Going straight,Not a Pedestrian,Slight Injury
5-10yr,Lorry (41?100Q),Two-way (divided with broken lines road marking),Tangent road with flat terrain,No junction,Dry,Daylight,Normal,2.0,Going straight,Crossing from nearside - masked by parked or statioNot a Pedestrianry vehicle,Slight Injury
5-10yr,Pick up upto 10Q,other,Tangent road with flat terrain,No junction,Dry,Daylight,Normal,2.0,Other,Not a Pedestrian,Slight Injury
2-5yr,Public (13?45 seats),other,Tangent road with flat terrain,No junction,Dry,Daylight,Normal,2.0,Going straight,Not a Pedestrian,Slight Injury
2-5yr,Automobile,Two-way (divided with broken lines road marking),Tangent road with flat terrain,Y Shape,Dry,Darkness - lights lit,Normal,2.0,Moving Backward,Not a Pedestrian,Slight Injury
5-10yr,Pick up upto 10Q,Undivided Two way,Tangent road with flat terrain,Y Shape,Dry,Darkness - lights lit,Normal,2.0,Other,Not a Pedestrian,Slight Injury
2-5yr,Automobile,other,Tangent road with flat terrain,Y Shape,Dry,Darkness - lights lit,Normal,2.0,Going straight,Not a Pedestrian,Slight Injury
,Lorry (41?100Q),other,Tangent road with flat terrain,Y Shape,Dry,Darkness - lights lit,Normal,2.0,Going straight,Not a Pedestrian,Slight Injury
2-5yr,Automobile,Undivided Two way,Tangent road with flat terrain,Crossing,Dry,Daylight,Normal,2.0,Going straight,Not a Pedestrian,Slight Injury
5-10yr,Lorry (41?100Q),other,Tangent road with flat terrain,Crossing,Dry,Daylight,Normal,2.0,,Not a Pedestrian,Slight Injury
2-5yr,Lorry (41?100Q),Undivided Two way,Tangent road with flat terrain,No junction,Dry,Daylight,Normal,2.0,Going straight,Not a Pedestrian,Slight Injury
1-2yr,Lorry (41?100Q),Undivided Two way,Tangent road with flat terrain,No junction,Dry,Daylight,Normal,2.0,Going straight,Not a Pedestrian,Slight Injury
,Public (13?45 seats),Double carriageway (median),Tangent road with flat terrain,T Shape,Dry,Darkness - lights lit,Normal,2.0,Going straight,Not a Pedestrian,Slight Injury
1-2yr,Automobile,other,Tangent road with flat terrain,X Shape,Dry,Darkness - lights lit,Normal,2.0,Going straight,Not a Pedestrian,Slight Injury
2-5yr,Other,Two-way (divided with broken lines road marking),Tangent road with flat terrain,Y Shape,Dry,Daylight,Normal,2.0,Going straight,Not a Pedestrian,Slight Injury
1-2yr,Other,other,Tangent road with flat terrain,Y Shape,Dry,Daylight,Normal,2.0,Going straight,Not a Pedestrian,Slight Injury
Above 10yr,Other,other,Steep grade downward with mountainous terrain,Y Shape,Dry,Daylight,Normal,2.0,Going straight,Not a Pedestrian,Slight Injury
2-5yr,Automobile,Two-way (divided with broken lines road marking),Tangent road with mild grade and flat terrain,No junction,Dry,Daylight,Normal,2.0,Going straight,Not a Pedestrian,Slight Injury
2-5yr,Other,other,Steep grade downward with mountainous terrain,No junction,Dry,Daylight,Normal,2.0,Going straight,Not a Pedestrian,Slight Injury
2-5yr,Lorry (41?100Q),Undivided Two way,Tangent road with flat terrain,Crossing,Dry,Daylight,Normal,2.0,Going straight,Crossing from nearside - masked by parked or statioNot a Pedestrianry vehicle,Slight Injury
2-5yr,Public (12 seats),Undivided Two way,Tangent road with flat terrain,Crossing,Dry,Daylight,Normal,2.0,Going straight,Not a Pedestrian,Slight Injury
2-5yr,Lorry (41?100Q),Two-way (divided with broken lines road marking),Tangent road with flat terrain,Y Shape,Dry,Daylight,Normal,2.0,,Not a Pedestrian,Slight Injury
2-5yr,Public (12 seats),Undivided Two way,Tangent road with flat terrain,Y Shape,Dry,Daylight,Normal,2.0,Going straight,Not a Pedestrian,Slight Injury
5-10yr,Lorry (41?100Q),Double carriageway (median),Tangent road with flat terrain,Y Shape,Dry,Daylight,Normal,2.0,Going straight,Not a Pedestrian,Slight Injury
2-5yr,Other,other,Tangent road with flat terrain,Y Shape,Dry,Daylight,Normal,3.0,Going straight,Not a Pedestrian,Slight Injury
Above 10yr,Lorry (41?100Q),Two-way (divided with broken lines road marking),Tangent road with flat terrain,Y Shape,Dry,Daylight,Normal,3.0,Going straight,Not a Pedestrian,Slight Injury
Above 10yr,,Two-way (divided with broken lines road marking),Tangent road with flat terrain,Y Shape,Dry,Daylight,Normal,3.0,Turnover,Not a Pedestrian,Slight Injury
Above 10yr,Public (> 45 seats),Undivided Two way,Tangent road with mountainous terrain and,No junction,Dry,Daylight,Unknown,3.0,Moving Backward,Not a Pedestrian,Slight Injury
5-10yr,Lorry (41?100Q),Undivided Two way,Tangent road with flat terrain,No junction,Dry,Daylight,Unknown,3.0,Going straight,Not a Pedestrian,Slight Injury
2-5yr,Other,Undivided Two way,Tangent road with flat terrain,No junction,Dry,Daylight,Unknown,3.0,Going straight,Not a Pedestrian,Slight Injury
1-2yr,Other,Two-way (divided with broken lines road marking),Tangent road with flat terrain,No junction,Dry,Daylight,Unknown,3.0,Moving Backward,Not a Pedestrian,Slight Injury
2-5yr,Automobile,other,Tangent road with flat terrain,No junction,Dry,Daylight,Unknown,3.0,Going straight,Not a Pedestrian,Slight Injury
5-10yr,Lorry (41?100Q),,Steep grade downward with mountainous terrain,Y Shape,Dry,Daylight,Normal,2.0,Moving Backward,Crossing from nearside - masked by parked or statioNot a Pedestrianry vehicle,Slight Injury
,Pick up upto 10Q,Double carriageway (median),Tangent road with flat terrain,Y Shape,Dry,Daylight,Normal,2.0,Going straight,Not a Pedestrian,Slight Injury
5-10yr,Automobile,Two-way (divided with broken lines road marking),Steep grade downward with mountainous terrain,Crossing,Wet or damp,Daylight,Normal,2.0,Going straight,Not a Pedestrian,Slight Injury
Above 10yr,,Two-way (divided with broken lines road marking),Tangent road with rolling terrain,Crossing,Wet or damp,Daylight,Normal,2.0,Going straight,Not a Pedestrian,Slight Injury
Above 10yr,Other,Two-way (divided with broken lines road marking),Tangent road with flat terrain,Crossing,Dry,Daylight,Normal,2.0,Other,Not a Pedestrian,Slight Injury
1-2yr,Automobile,,Tangent road with mild grade and flat terrain,Crossing,Dry,Daylight,Normal,2.0,Other,Not a Pedestrian,Slight Injury
,Stationwagen,Two-way (divided with broken lines road marking),Tangent road with mild grade and flat terrain,No junction,Wet or damp,Daylight,Normal,2.0,Going straight,Not a Pedestrian,Slight Injury
2-5yr,Other,Double carriageway (median),Tangent road with flat terrain,No junction,Wet or damp,Daylight,Normal,2.0,Reversing,Not a Pedestrian,Slight Injury
5-10yr,,Two-way (divided with broken lines road marking),Tangent road with flat terrain,No junction,Wet or damp,Darkness - lights lit,Raining,2.0,Going straight,Not a Pedestrian,Slight Injury
2-5yr,Ridden horse,Undivided Two way,Tangent road with flat terrain,No junction,Wet or damp,Darkness - lights lit,Raining,2.0,Going straight,Not a Pedestrian,Slight Injury
Above 10yr,,Two-way (divided with broken lines road marking),Tangent road with flat terrain,Crossing,Dry,Daylight,Normal,2.0,Going straight,Not a Pedestrian,Slight Injury
5-10yr,Other,,Tangent road with flat terrain,Crossing,Dry,Daylight,Normal,2.0,Going straight,Not a Pedestrian,Slight Injury
5-10yr,Lorry (41?100Q),Two-way (divided with broken lines road marking),Tangent road with flat terrain,No junction,Dry,Daylight,Unknown,2.0,Moving Backward,Not a Pedestrian,Slight Injury
1-2yr,Lorry (41?100Q),Two-way (divided with broken lines road marking),Tangent road with mild grade and flat terrain,No junction,Dry,Daylight,Unknown,2.0,Going straight,Not a Pedestrian,Slight Injury
Above 10yr,Lorry (41?100Q),Two-way (divided with broken lines road marking),Tangent road with mild grade and flat terrain,No junction,Dry,Daylight,Unknown,2.0,Going straight,Not a Pedestrian,Slight Injury
5-10yr,Stationwagen,Two-way (divided with broken lines road marking),Tangent road with flat terrain,Crossing,Dry,Daylight,Normal,2.0,Going straight,Not a Pedestrian,Slight Injury
2-5yr,Lorry (41?100Q),Two-way (divided with broken lines road marking),Tangent road with flat terrain,Crossing,Dry,Daylight,Normal,2.0,Going straight,Not a Pedestrian,Slight Injury
2-5yr,Automobile,Double carriageway (median),Tangent road with flat terrain,Y Shape,Dry,Daylight,Normal,2.0,Going straight,Crossing from nearside - masked by parked or statioNot a Pedestrianry vehicle,Slight Injury
5-10yr,Automobile,Undivided Two way,Tangent road with flat terrain,Y Shape,Dry,Daylight,Normal,2.0,Moving Backward,Not a Pedestrian,Slight Injury
1-2yr,Pick up upto 10Q,Two-way (divided with broken lines road marking),Tangent road with flat terrain,No junction,Dry,Daylight,Cloudy,2.0,Going straight,Not a Pedestrian,Slight Injury
5-10yr,Taxi,Two-way (divided with broken lines road marking),Tangent road with flat terrain,No junction,Dry,Daylight,Cloudy,2.0,Going straight,Not a Pedestrian,Slight Injury
5-10yr,,,Tangent road with flat terrain,Other,Dry,Daylight,Normal,2.0,Moving Backward,Not a Pedestrian,Slight Injury
5-10yr,Automobile,Undivided Two way,Tangent road with flat terrain,Other,Dry,Daylight,Normal,2.0,Moving Backward,Not a Pedestrian,Slight Injury
Above 10yr,,other,,Y Shape,Dry,Daylight,Normal,2.0,Going straight,Not a Pedestrian,Slight Injury
2-5yr,Long lorry,other,Tangent road with mild grade and flat terrain,Y Shape,Dry,Daylight,Normal,2.0,Turnover,Crossing from nearside - masked by parked or statioNot a Pedestrianry vehicle,Slight Injury
5-10yr,Public (12 seats),other,Tangent road with flat terrain,No junction,Dry,Daylight,Normal,2.0,Turnover,Not a Pedestrian,Slight Injury
,Pick up upto 10Q,,,No junction,Dry,Daylight,Normal,2.0,Going straight,Not a Pedestrian,Slight Injury
5-10yr,,Undivided Two way,Tangent road with flat terrain,Other,Dry,Daylight,Normal,2.0,Going straight,Not a Pedestrian,Slight Injury
,Other,other,Tangent road with flat terrain,Other,Dry,Daylight,Normal,2.0,Going straight,Not a Pedestrian,Slight Injury
,Lorry (41?100Q),other,Tangent road with flat terrain,Other,Dry,Daylight,Normal,2.0,Going straight,Crossing from nearside - masked by parked or statioNot a Pedestrianry vehicle,Slight Injury
1-2yr,Automobile,Undivided Two way,Tangent road with flat terrain,Other,Dry,Daylight,Normal,2.0,Going straight,Not a Pedestrian,Slight Injury
5-10yr,Pick up upto 10Q,other,Tangent road with flat terrain,Other,Dry,Daylight,Normal,2.0,Going straight,Not a Pedestrian,Slight Injury
2-5yr,Lorry (41?100Q),Undivided Two way,Tangent road with flat terrain,Other,Dry,Daylight,Normal,2.0,Getting off,Not a Pedestrian,Slight Injury
5-10yr,Lorry (41?100Q),Double carriageway (median),Escarpments,Crossing,Dry,Daylight,Normal,2.0,Moving Backward,Not a Pedestrian,Slight Injury
2-5yr,Long lorry,other,Tangent road with flat terrain,Crossing,Dry,Daylight,Normal,2.0,Other,Not a Pedestrian,Slight Injury
Above 10yr,Public (> 45 seats),Undivided Two way,Escarpments,Crossing,Dry,Daylight,Normal,2.0,Going straight,Not a Pedestrian,Slight Injury
Below 1yr,Public (> 45 seats),One way,Tangent road with flat terrain,No junction,Dry,Darkness - lights lit,Other,2.0,Going straight,Not a Pedestrian,Slight Injury
Below 1yr,Automobile,Undivided Two way,Tangent road with flat terrain,No junction,Dry,Darkness - lights lit,Other,2.0,Going straight,Not a Pedestrian,Slight Injury
,Automobile,other,Tangent road with flat terrain,Y Shape,Dry,Daylight,Normal,2.0,Going straight,Not a Pedestrian,Slight Injury
2-5yr,Automobile,other,Tangent road with flat terrain,Y Shape,Dry,Daylight,Normal,2.0,Going straight,Not a Pedestrian,Slight Injury
,Other,One way,Tangent road with flat terrain,Y Shape,Wet or damp,Daylight,Normal,3.0,Going straight,Not a Pedestrian,Slight Injury
No Licence,Public (12 seats),One way,Tangent road with flat terrain,Y Shape,Wet or damp,Daylight,Normal,3.0,Going straight,Not a Pedestrian,Slight Injury
Above 10yr,Automobile,Undivided Two way,Tangent road with flat terrain,Y Shape,Wet or damp,Daylight,Normal,3.0,Going straight,Not a Pedestrian,Slight Injury
Above 10yr,Stationwagen,other,Tangent road with flat terrain,Y Shape,Dry,Darkness - lights lit,Normal,2.0,Going straight,Not a Pedestrian,Slight Injury
Above 10yr,Automobile,Undivided Two way,Tangent road with flat terrain,Y Shape,Dry,Darkness - lights lit,Normal,2.0,Going straight,Not a Pedestrian,Slight Injury
Above 10yr,Automobile,other,,Y Shape,Dry,Darkness - lights lit,Normal,2.0,Going straight,Not a Pedestrian,Slight Injury
5-10yr,Automobile,other,Tangent road with rolling terrain,No junction,Dry,Darkness - lights lit,Normal,2.0,Going straight,Not a Pedestrian,Slight Injury
Below 1yr,,Double carriageway (median),Tangent road with flat terrain,No junction,Dry,Darkness - lights lit,Normal,2.0,Moving Backward,Not a Pedestrian,Slight Injury
2-5yr,,Undivided Two way,Tangent road with flat terrain,No junction,Wet or damp,Daylight,Raining and Windy,2.0,Going straight,Unknown or other,Slight Injury
,Pick up upto 10Q,other,Tangent road with flat terrain,No junction,Wet or damp,Daylight,Raining and Windy,2.0,Moving Backward,Not a Pedestrian,Slight Injury
1-2yr,Turbo,other,Tangent road with flat terrain,No junction,Wet or damp,Daylight,Raining and Windy,2.0,Moving Backward,Not a Pedestrian,Slight Injury
1-2yr,Pick up upto 10Q,Two-way (divided with solid lines road marking),Tangent road with flat terrain,Crossing,Dry,Darkness - lights lit,Normal,1.0,Going straight,Not a Pedestrian,Slight Injury
1-2yr,Other,Undivided Two way,Tangent road with flat terrain,No junction,Dry,Daylight,Unknown,2.0,Going straight,Not a Pedestrian,Slight Injury
5-10yr,Stationwagen,Undivided Two way,Tangent road with flat terrain,No junction,Dry,Daylight,Unknown,2.0,Going straight,Not a Pedestrian,Slight Injury
Above 10yr,Pick up upto 10Q,other,Tangent road with flat terrain,Other,Dry,Darkness - lights lit,Normal,2.0,Going straight,Not a Pedestrian,Slight Injury
Above 10yr,Lorry (41?100Q),Undivided Two way,Gentle horizontal curve,Other,Dry,Darkness - lights lit,Normal,2.0,Going straight,Not a Pedestrian,Slight Injury
5-10yr,Lorry (41?100Q),Undivided Two way,Gentle horizontal curve,No junction,Dry,Daylight,Normal,2.0,Going straight,Not a Pedestrian,Slight Injury
2-5yr,Automobile,Double carriageway (median),Tangent road with flat terrain,No junction,Dry,Daylight,Normal,2.0,,Not a Pedestrian,Slight Injury
Below 1yr,Automobile,Undivided Two way,Gentle horizontal curve,No junction,Dry,Daylight,Normal,2.0,Other,Not a Pedestrian,Serious Injury
1-2yr,Pick up upto 10Q,other,Tangent road with flat terrain,No junction,Dry,Daylight,Normal,2.0,Going straight,Not a Pedestrian,Serious Injury
5-10yr,Pick up upto 10Q,other,Tangent road with flat terrain,No junction,Dry,Daylight,Normal,2.0,,Not a Pedestrian,Slight Injury
Below 1yr,Lorry (41?100Q),other,Tangent road with flat terrain,No junction,Dry,Daylight,Normal,2.0,Overtaking,Not a Pedestrian,Slight Injury
5-10yr,Public (12 seats),other,Tangent road with flat terrain,Y Shape,Wet or damp,Daylight,Windy,3.0,Reversing,Not a Pedestrian,Slight Injury
2-5yr,Other,Undivided Two way,Tangent road with flat terrain,Y Shape,Wet or damp,Daylight,Windy,3.0,Going straight,Not a Pedestrian,Slight Injury
5-10yr,Stationwagen,Two-way (divided with broken lines road marking),Tangent road with mountainous terrain and,Y Shape,Wet or damp,Daylight,Windy,3.0,Other,Not a Pedestrian,Slight Injury
5-10yr,Automobile,Two-way (divided with broken lines road marking),Escarpments,Y Shape,Wet or damp,Daylight,Windy,3.0,Moving Backward,Not a Pedestrian,Slight Injury
Above 10yr,Automobile,Undivided Two way,Tangent road with mountainous terrain and,Other,Dry,Daylight,Normal,2.0,Going straight,Not a Pedestrian,Slight Injury
1-2yr,Lorry (41?100Q),Undivided Two way,Tangent road with flat terrain,Other,Dry,Daylight,Normal,2.0,Other,Not a Pedestrian,Slight Injury
Below 1yr,Stationwagen,Two-way (divided with broken lines road marking),Tangent road with flat terrain,No junction,Dry,Darkness - lights lit,Normal,2.0,Moving Backward,Not a Pedestrian,Slight Injury
Above 10yr,Lorry (41?100Q),Two-way (divided with broken lines road marking),Tangent road with flat terrain,No junction,Dry,Darkness - lights lit,Normal,2.0,Going straight,Not a Pedestrian,Slight Injury
1-2yr,Public (> 45 seats),Undivided Two way,Tangent road with mild grade and flat terrain,Y Shape,Dry,Daylight,Normal,1.0,Going straight,Not a Pedestrian,Slight Injury
2-5yr,Automobile,Two-way (divided with broken lines road marking),Tangent road with flat terrain,No junction,Dry,Daylight,Normal,2.0,Moving Backward,Not a Pedestrian,Slight Injury
5-10yr,Automobile,Undivided Two way,Tangent road with flat terrain,No junction,Dry,Daylight,Normal,2.0,Going straight,Not a Pedestrian,Slight Injury
2-5yr,Automobile,Double carriageway (median),Tangent road with mild grade and flat terrain,Crossing,Dry,Daylight,Normal,3.0,Getting off,Not a Pedestrian,Slight Injury
Above 10yr,,Two-way (divided with broken lines road marking),Tangent road with flat terrain,Crossing,Dry,Daylight,Normal,3.0,Going straight,Not a Pedestrian,Slight Injury
1-2yr,Lorry (41?100Q),Two-way (divided with broken lines road marking),Tangent road with flat terrain,Crossing,Dry,Daylight,Normal,3.0,Going straight,Not a Pedestrian,Slight Injury
1-2yr,Lorry (41?100Q),Undivided Two way,Tangent road with flat terrain,Crossing,Dry,Daylight,Normal,2.0,Moving Backward,Not a Pedestrian,Slight Injury
1-2yr,Automobile,Two-way (divided with broken lines road marking),Tangent road with flat terrain,Crossing,Dry,Daylight,Normal,2.0,Going straight,Not a Pedestrian,Slight Injury
5-10yr,Stationwagen,Double carriageway (median),Tangent road with flat terrain,Crossing,Dry,Daylight,Normal,2.0,Going straight,Not a Pedestrian,Slight Injury
,Public (12 seats),Two-way (divided with broken lines road marking),Tangent road with flat terrain,No junction,Dry,Daylight,Normal,2.0,Going straight,Not a Pedestrian,Slight Injury
5-10yr,Public (12 seats),Two-way (divided with broken lines road marking),Tangent road with flat terrain,No junction,Dry,Daylight,Normal,2.0,Going straight,Not a Pedestrian,Slight Injury
5-10yr,Automobile,Unknown,Tangent road with flat terrain,No junction,Dry,Daylight,Normal,2.0,Going straight,Not a Pedestrian,Slight Injury
5-10yr,Public (12 seats),Double carriageway (median),Tangent road with flat terrain,No junction,Dry,Daylight,Normal,2.0,Moving Backward,Not a Pedestrian,Slight Injury