driving_experience,type_of_vehicle,lanes_or_medians,road_allignment,types_of_junction,road_surface_conditions,light_conditions,weather_conditions,number_of_vehicles_involved,vehicle_movement,pedestrian_movement,accident_severity
2-5yr,Long lorry,Undivided Two way,Tangent road with flat terrain,O Shape,Dry,Daylight,Normal,2.0,Going straight,Not a Pedestrian,Slight Injury
Above 10yr,Long lorry,Two-way (divided with broken lines road marking),Tangent road with mountainous terrain and,Y Shape,Dry,Daylight,Normal,2.0,Going straight,Not a Pedestrian,Slight Injury
1-2yr,Lorry (41?100Q),Two-way (divided with broken lines road marking),Escarpments,No junction,Dry,Darkness - lights lit,Normal,3.0,Moving Backward,Not a Pedestrian,Slight Injury
1-2yr,Lorry (41?100Q),Undivided Two way,Tangent road with mountainous terrain and,Unknown,Dry,Darkness - lights lit,Normal,3.0,Going straight,Not a Pedestrian,Slight Injury
No Licence,Lorry (11?40Q),Undivided Two way,Tangent road with flat terrain,Unknown,Dry,Darkness - lights lit,Normal,3.0,Going straight,Not a Pedestrian,Slight Injury
1-2yr,Automobile,Two-way (divided with broken lines road marking),Tangent road with flat terrain,Unknown,Dry,Darkness - lights lit,Normal,3.0,Going straight,Not a Pedestrian,Slight Injury
5-10yr,Taxi,Two-way (divided with broken lines road marking),Tangent road with flat terrain,No junction,Dry,Darkness - lights lit,Normal,3.0,Going straight,Not a Pedestrian,Slight Injury
Above 10yr,Other,Undivided Two way,Tangent road with mild grade and flat terrain,Y Shape,Dry,Daylight,Normal,2.0,Going straight,Not a Pedestrian,Slight Injury
Above 10yr,Automobile,Two-way (divided with broken lines road marking),Tangent road with flat terrain,No junction,Dry,Daylight,Normal,2.0,Moving Backward,Not a Pedestrian,Slight Injury
5-10yr,Automobile,Undivided Two way,Tangent road with flat terrain,No junction,Dry,Daylight,Normal,2.0,Going straight,Not a Pedestrian,Slight Injury
2-5yr,Automobile,Double carriageway (median),Tangent road with mild grade and flat terrain,Y Shape,Dry,Daylight,Normal,2.0,Going straight,Not a Pedestrian,Slight Injury
2-5yr,Automobile,Two-way (divided with broken lines road marking),Tangent road with flat terrain,Y Shape,Dry,Daylight,Normal,2.0,Moving Backward,Not a Pedestrian,Slight Injury
Below 1yr,Public (> 45 seats),Two-way (divided with broken lines road marking),Tangent road with flat terrain,Y Shape,Dry,Daylight,Normal,2.0,Moving Backward,Not a Pedestrian,Slight Injury
2-5yr,Lorry (11?40Q),Undivided Two way,Tangent road with flat terrain,Crossing,Dry,Daylight,Cloudy,2.0,Going straight,Not a Pedestrian,Slight Injury
2-5yr,Lorry (41?100Q),Two-way (divided with broken lines road marking),Tangent road with flat terrain,Crossing,Dry,Daylight,Cloudy,2.0,Going straight,Not a Pedestrian,Slight Injury
5-10yr,Lorry (41?100Q),Double carriageway (median),Tangent road with flat terrain,Y Shape,Dry,Daylight,Normal,2.0,Going straight,Not a Pedestrian,Slight Injury
Above 10yr,Stationwagen,Two-way (divided with broken lines road marking),Tangent road with flat terrain,Y Shape,Dry,Daylight,Normal,2.0,Going straight,Not a Pedestrian,Slight Injury
,Other,Two-way (divided with broken lines road marking),Tangent road with flat terrain,No junction,Dry,Daylight,Normal,2.0,Going straight,Not a Pedestrian,Slight Injury
2-5yr,Automobile,Unknown,Tangent road with flat terrain,No junction,Dry,Daylight,Normal,2.0,Going straight,Crossing from nearside - masked by parked or statioNot a Pedestrianry vehicle,Slight Injury
5-10yr,Pick up upto 10Q,Double carriageway (median),Tangent road with flat terrain,No junction,Dry,Darkness - lights lit,Normal,2.0,Going straight,Not a Pedestrian,Slight Injury
2-5yr,Motorcycle,Two-way (divided with broken lines road marking),Tangent road with flat terrain,Y Shape,Dry,Darkness - lights lit,Normal,2.0,Going straight,Not a Pedestrian,Slight Injury
,Automobile,Two-way (divided with broken lines road marking),Tangent road with flat terrain,Y Shape,Dry,Daylight,Normal,2.0,Going straight,Not a Pedestrian,Slight Injury
1-2yr,Pick up upto 10Q,One way,Tangent road with flat terrain,Crossing,Dry,Daylight,Normal,2.0,Going straight,Not a Pedestrian,Slight Injury
2-5yr,Motorcycle,Undivided Two way,Tangent road with flat terrain,No junction,Dry,Daylight,Normal,2.0,Other,Not a Pedestrian,Slight Injury
Above 10yr,Stationwagen,Undivided Two way,Tangent road with mountainous terrain and,Unknown,Dry,Daylight,Normal,3.0,Going straight,Not a Pedestrian,Slight Injury
Below 1yr,Lorry (41?100Q),other,Tangent road with flat terrain,O Shape,Dry,Daylight,Normal,3.0,Reversing,Not a Pedestrian,Slight Injury
2-5yr,Taxi,Two-way (divided with broken lines road marking),Escarpments,O Shape,Dry,Daylight,Normal,3.0,Going straight,Not a Pedestrian,Slight Injury
Below 1yr,Automobile,Undivided Two way,Tangent road with flat terrain,No junction,Dry,Daylight,Normal,2.0,Reversing,Crossing from offside - masked by parked or statioNot a Pedestrianry vehicle,Slight Injury
5-10yr,Long lorry,Two-way (divided with broken lines road marking),Tangent road with mountainous terrain and,No junction,Dry,Daylight,Normal,2.0,Going straight,Not a Pedestrian,Slight Injury
1-2yr,Automobile,Double carriageway (median),Steep grade downward with mountainous terrain,No junction,Wet or damp,Daylight,Raining,1.0,Reversing,Not a Pedestrian,Slight Injury
Below 1yr,Public (12 seats),Undivided Two way,Tangent road with mild grade and flat terrain,Y Shape,Dry,Daylight,Normal,2.0,,Not a Pedestrian,Slight Injury
,Lorry (11?40Q),Undivided Two way,Tangent road with flat terrain,Y Shape,Dry,Daylight,Normal,2.0,Going straight,Not a Pedestrian,Slight Injury
Below 1yr,Pick up upto 10Q,Two-way (divided with broken lines road marking),Tangent road with flat terrain,Y Shape,Dry,Daylight,Normal,2.0,Reversing,Not a Pedestrian,Slight Injury
Below 1yr,Lorry (41?100Q),Double carriageway (median),Tangent road with flat terrain,Y Shape,Dry,Daylight,Normal,2.0,Other,Not a Pedestrian,Slight Injury
,Other,Undivided Two way,Tangent road with mountainous terrain and,Crossing,Wet or damp,Daylight,Raining,1.0,Going straight,Not a Pedestrian,Serious Injury
2-5yr,Automobile,other,Tangent road with flat terrain,No junction,Dry,Daylight,Normal,2.0,Going straight,Crossing from nearside - masked by parked or statioNot a Pedestrianry vehicle,Slight Injury
Above 10yr,Long lorry,Two-way (divided with broken lines road marking),Tangent road with mild grade and flat terrain,No junction,Dry,Daylight,Normal,2.0,Going straight,Not a Pedestrian,Slight Injury
Above 10yr,Lorry (11?40Q),Undivided Two way,Tangent road with flat terrain,No junction,Dry,Daylight,Normal,3.0,Moving Backward,Not a Pedestrian,Slight Injury
5-10yr,Long lorry,Undivided Two way,Tangent road with flat terrain,Y Shape,Dry,Daylight,Normal,3.0,Going straight,Not a Pedestrian,Slight Injury
1-2yr,Automobile,Double carriageway (median),Tangent road with flat terrain,Y Shape,Dry,Daylight,Normal,3.0,Going straight,Not a Pedestrian,Slight Injury
Below 1yr,Taxi,Undivided Two way,Tangent road with flat terrain,Y Shape,Wet or damp,Daylight,Raining,2.0,Going straight,Not a Pedestrian,Slight Injury
Below 1yr,Taxi,Undivided Two way,Tangent road with flat terrain,Crossing,Wet or damp,Daylight,Raining,2.0,Going straight,Not a Pedestrian,Slight Injury
2-5yr,Long lorry,other,Tangent road with flat terrain,Crossing,Dry,Daylight,Normal,2.0,Other,Not a Pedestrian,Serious Injury
1-2yr,Lorry (11?40Q),Two-way (divided with broken lines road marking),Tangent road with flat terrain,Crossing,Dry,Daylight,Normal,2.0,,Not a Pedestrian,Serious Injury
5-10yr,Lorry (11?40Q),Two-way (divided with broken lines road marking),Tangent road with flat terrain,Y Shape,Wet or damp,Daylight,Normal,2.0,Going straight,Not a Pedestrian,Slight Injury
2-5yr,Long lorry,Undivided Two way,Tangent road with flat terrain,Y Shape,Wet or damp,Daylight,Normal,2.0,Turnover,Not a Pedestrian,Slight Injury
5-10yr,Turbo,Double carriageway (median),Tangent road with flat terrain,Y Shape,Dry,Daylight,Normal,2.0,Going straight,"In carriageway, statioNot a Pedestrianry - not crossing (standing or playing)",Slight Injury
Above 10yr,Long lorry,Double carriageway (median),Tangent road with flat terrain,Y Shape,Dry,Daylight,Normal,2.0,Moving Backward,Crossing from offside - masked by parked or statioNot a Pedestrianry vehicle,Slight Injury
5-10yr,Long lorry,Two-way (divided with broken lines road marking),Tangent road with flat terrain,Y Shape,Dry,Daylight,Normal,2.0,Moving Backward,Crossing from offside - masked by parked or statioNot a Pedestrianry vehicle,Serious Injury
5-10yr,Public (13?45 seats),Two-way (divided with broken lines road marking),Tangent road with flat terrain,Y Shape,Dry,Daylight,Normal,2.0,Going straight,Not a Pedestrian,Serious Injury
5-10yr,Automobile,Two-way (divided with broken lines road marking),Tangent road with flat terrain,Crossing,Dry,Daylight,Normal,1.0,Other,Not a Pedestrian,Serious Injury
Above 10yr,Automobile,Two-way (divided with broken lines road marking),Tangent road with flat terrain,Crossing,Dry,Daylight,Normal,1.0,Going straight,Not a Pedestrian,Serious Injury
1-2yr,Pick up upto 10Q,Double carriageway (median),Tangent road with flat terrain,Y Shape,Wet or damp,Daylight,Normal,2.0,Going straight,Not a Pedestrian,Slight Injury
2-5yr,,Double carriageway (median),Tangent road with flat terrain,Y Shape,Wet or damp,Daylight,Normal,2.0,Going straight,Not a Pedestrian,Slight Injury
1-2yr,Stationwagen,Two-way (divided with broken lines road marking),Tangent road with mild grade and flat terrain,Y Shape,Dry,Daylight,Normal,2.0,Going straight,Not a Pedestrian,Serious Injury
,,Two-way (divided with broken lines road marking),Tangent road with mild grade and flat terrain,Y Shape,Dry,Daylight,Normal,2.0,Going straight,Not a Pedestrian,Serious Injury
5-10yr,Automobile,Two-way (divided with broken lines road marking),Tangent road with flat terrain,Y Shape,Dry,Daylight,Normal,2.0,Going straight,Not a Pedestrian,Serious Injury
5-10yr,Automobile,other,Tangent road with flat terrain,Crossing,Dry,Daylight,Normal,1.0,Going straight,Not a Pedestrian,Serious Injury
Above 10yr,Long lorry,Two-way (divided with broken lines road marking),Tangent road with flat terrain,Y Shape,Wet or damp,Daylight,Normal,3.0,Going straight,Not a Pedestrian,Slight Injury
2-5yr,Public (13?45 seats),Two-way (divided with broken lines road marking),Tangent road with flat terrain,Y Shape,Wet or damp,Daylight,Normal,3.0,Other,Not a Pedestrian,Slight Injury
Above 10yr,Public (13?45 seats),Two-way (divided with broken lines road marking),Tangent road with flat terrain,Y Shape,Wet or damp,Daylight,Normal,3.0,Going straight,Not a Pedestrian,Slight Injury
2-5yr,Lorry (11?40Q),Two-way (divided with broken lines road marking),Tangent road with flat terrain,No junction,Wet or damp,Daylight,Normal,3.0,Overtaking,Not a Pedestrian,Slight Injury
5-10yr,Lorry (11?40Q),,Tangent road with flat terrain,No junction,Wet or damp,Daylight,Normal,2.0,Going straight,Not a Pedestrian,Slight Injury
5-10yr,Pick up upto 10Q,Two-way (divided with broken lines road marking),,Y Shape,Wet or damp,Daylight,Normal,2.0,Going straight,Not a Pedestrian,Slight Injury
5-10yr,Automobile,Undivided Two way,Tangent road with flat terrain,Y Shape,Dry,Daylight,Other,2.0,Going straight,Not a Pedestrian,Slight Injury
5-10yr,Automobile,Undivided Two way,Tangent road with flat terrain,Y Shape,Dry,Daylight,Other,2.0,U-Turn,Not a Pedestrian,Slight Injury
Above 10yr,Automobile,One way,Tangent road with flat terrain,Y Shape,Wet or damp,Daylight,Other,2.0,Going straight,Not a Pedestrian,Slight Injury
Below 1yr,Long lorry,Two-way (divided with broken lines road marking),Tangent road with flat terrain,Y Shape,Wet or damp,Daylight,Other,2.0,Going straight,Not a Pedestrian,Slight Injury
5-10yr,Long lorry,One way,Tangent road with flat terrain,Other,Wet or damp,Daylight,Other,2.0,Going straight,Not a Pedestrian,Slight Injury
1-2yr,Automobile,Two-way (divided with broken lines road marking),Tangent road with flat terrain,Crossing,Wet or damp,Daylight,Other,2.0,Going straight,Not a Pedestrian,Slight Injury
Above 10yr,Stationwagen,Double carriageway (median),Tangent road with flat terrain,Crossing,Dry,Daylight,Normal,2.0,Turnover,Not a Pedestrian,Serious Injury
2-5yr,Lorry (41?100Q),Unknown,Tangent road with flat terrain,No junction,Dry,Daylight,Normal,2.0,Going straight,Not a Pedestrian,Serious Injury
5-10yr,Other,,Tangent road with flat terrain,No junction,Dry,Daylight,Normal,1.0,Going straight,Not a Pedestrian,Serious Injury
Below 1yr,Special vehicle,other,Tangent road with flat terrain,Crossing,Dry,Daylight,Normal,3.0,Moving Backward,Not a Pedestrian,Slight Injury
5-10yr,Lorry (41?100Q),,Tangent road with flat terrain,Crossing,Dry,Daylight,Normal,3.0,Going straight,Not a Pedestrian,Slight Injury
Above 10yr,Pick up upto 10Q,One way,Tangent road with flat terrain,Crossing,Dry,Daylight,Normal,3.0,Moving Backward,Not a Pedestrian,Slight Injury
5-10yr,Lorry (11?40Q),Undivided Two way,Tangent road with flat terrain,Crossing,Wet or damp,Daylight,Raining,2.0,Going straight,Not a Pedestrian,Slight Injury
1-2yr,Lorry (41?100Q),Two-way (divided with broken lines road marking),Tangent road with flat terrain,Y Shape,Wet or damp,Daylight,Raining,2.0,Going straight,Not a Pedestrian,Slight Injury
,Motorcycle,Two-way (divided with broken lines road marking),Tangent road with flat terrain,Y Shape,Dry,Daylight,Normal,2.0,Going straight,Not a Pedestrian,Slight Injury
1-2yr,Automobile,Two-way (divided with broken lines road marking),,Y Shape,Dry,Daylight,Normal,2.0,Going straight,Not a Pedestrian,Slight Injury
Above 10yr,Automobile,Two-way (divided with broken lines road marking),Tangent road with flat terrain,Y Shape,Dry,Daylight,Normal,3.0,U-Turn,Not a Pedestrian,Slight Injury
1-2yr,Automobile,other,Tangent road with flat terrain,Y Shape,Dry,Daylight,Normal,3.0,Going straight,Not a Pedestrian,Slight Injury
5-10yr,Stationwagen,other,Tangent road with flat terrain,Y Shape,Dry,Daylight,Normal,3.0,Going straight,Not a Pedestrian,Slight Injury
2-5yr,,Two-way (divided with broken lines road marking),Tangent road with flat terrain,Crossing,Dry,Daylight,Normal,1.0,Going straight,Not a Pedestrian,Slight Injury
,Public (> 45 seats),Undivided Two way,Tangent road with flat terrain,Crossing,Dry,Darkness - lights lit,Normal,4.0,Going straight,Not a Pedestrian,Slight Injury
2-5yr,Public (> 45 seats),other,Tangent road with flat terrain,Crossing,Dry,Darkness - lights lit,Normal,4.0,Going straight,Not a Pedestrian,Slight Injury
2-5yr,Stationwagen,other,Tangent road with flat terrain,Crossing,Dry,Darkness - lights lit,Normal,4.0,Going straight,Not a Pedestrian,Slight Injury
Above 10yr,Automobile,Undivided Two way,Tangent road with flat terrain,Crossing,Dry,Darkness - lights lit,Normal,4.0,Stopping,Not a Pedestrian,Slight Injury
1-2yr,Bicycle,other,Tangent road with flat terrain,Crossing,Dry,Daylight,Normal,3.0,Turnover,Not a Pedestrian,Slight Injury
1-2yr,Automobile,Undivided Two way,Tangent road with flat terrain,No junction,Dry,Daylight,Normal,3.0,Getting off,Not a Pedestrian,Slight Injury
No Licence,Lorry (41?100Q),Undivided Two way,Tangent road with flat terrain,Crossing,Dry,Daylight,Normal,3.0,Moving Backward,Not a Pedestrian,Slight Injury
1-2yr,Automobile,Double carriageway (median),Tangent road with flat terrain,Crossing,Dry,Daylight,Normal,2.0,Moving Backward,Not a Pedestrian,Slight Injury
5-10yr,Public (13?45 seats),other,Tangent road with flat terrain,Other,Dry,Daylight,Normal,2.0,Going straight,Not a Pedestrian,Slight Injury
Above 10yr,Special vehicle,Two-way (divided with broken lines road marking),Tangent road with flat terrain,Other,Dry,Daylight,Normal,2.0,Turnover,Not a Pedestrian,Slight Injury
Above 10yr,Automobile,other,Tangent road with flat terrain,Y Shape,Dry,Daylight,Normal,2.0,Going straight,Not a Pedestrian,Slight Injury
5-10yr,Public (13?45 seats),other,Steep grade downward with mountainous terrain,Y Shape,Dry,Daylight,Normal,2.0,Going straight,Not a Pedestrian,Slight Injury
2-5yr,,Two-way (divided with broken lines road marking),Tangent road with mild grade and flat terrain,Y Shape,Dry,Daylight,Normal,2.0,U-Turn,Not a Pedestrian,Slight Injury
2-5yr,Lorry (41?100Q),other,Steep grade downward with mountainous terrain,Y Shape,Dry,Daylight,Normal,2.0,Going straight,Not a Pedestrian,Slight Injury
Below 1yr,Lorry (41?100Q),Undivided Two way,Tangent road with flat terrain,Y Shape,Dry,Daylight,Normal,2.0,Going straight,Not a Pedestrian,Slight Injury
2-5yr,Public (12 seats),Undivided Two way,Tangent road with flat terrain,No junction,Dry,Daylight,Normal,1.0,U-Turn,Crossing from nearside - masked by parked or statioNot a Pedestrianry vehicle,Serious Injury
2-5yr,Lorry (41?100Q),Two-way (divided with broken lines road marking),Tangent road with flat terrain,Crossing,Dry,Daylight,Normal,2.0,Stopping,Not a Pedestrian,Slight Injury
5-10yr,Lorry (41?100Q),Undivided Two way,Tangent road with flat terrain,Y Shape,Dry,Daylight,Normal,2.0,Going straight,Not a Pedestrian,Slight Injury
Above 10yr,Public (12 seats),Double carriageway (median),Tangent road with flat terrain,Y Shape,Dry,Daylight,Normal,3.0,Moving Backward,Not a Pedestrian,Slight Injury
,Public (> 45 seats),other,Tangent road with flat terrain,Y Shape,Dry,Daylight,Normal,3.0,Getting off,Not a Pedestrian,Slight Injury
2-5yr,Automobile,Two-way (divided with broken lines road marking),Tangent road with flat terrain,Y Shape,Dry,Daylight,Normal,3.0,Going straight,Not a Pedestrian,Slight Injury
5-10yr,Pick up upto 10Q,Two-way (divided with broken lines road marking),Tangent road with flat terrain,Y Shape,Dry,Daylight,Normal,1.0,Going straight,Not a Pedestrian,Slight Injury
2-5yr,Stationwagen,Undivided Two way,Tangent road with mountainous terrain and,Y Shape,Dry,Daylight,Normal,2.0,Turnover,Not a Pedestrian,Slight Injury
,Other,Undivided Two way,Tangent road with flat terrain,Y Shape,Dry,Daylight,Normal,2.0,Moving Backward,Not a Pedestrian,Slight Injury
1-2yr,Automobile,Undivided Two way,Tangent road with flat terrain,Y Shape,Dry,Daylight,Normal,1.0,Going straight,Unknown or other,Serious Injury
2-5yr,Automobile,Two-way (divided with broken lines road marking),Tangent road with flat terrain,Other,Dry,Daylight,Normal,1.0,Moving Backward,Not a Pedestrian,Serious Injury
Above 10yr,Stationwagen,other,Tangent road with flat terrain,Other,Dry,Daylight,Normal,3.0,Going straight,Not a Pedestrian,Slight Injury
Below 1yr,Pick up upto 10Q,,Steep grade downward with mountainous terrain,No junction,Dry,Daylight,Normal,3.0,,Not a Pedestrian,Slight Injury
2-5yr,Lorry (41?100Q),Double carriageway (median),Tangent road with flat terrain,No junction,Dry,Daylight,Normal,3.0,Going straight,Not a Pedestrian,Slight Injury
Below 1yr,Automobile,Two-way (divided with broken lines road marking),Steep grade downward with mountainous terrain,Unknown,Dry,Daylight,Normal,2.0,,Not a Pedestrian,Slight Injury
5-10yr,,Two-way (divided with broken lines road marking),Tangent road with rolling terrain,Unknown,Dry,Daylight,Normal,2.0,Going straight,Not a Pedestrian,Slight Injury
1-2yr,Lorry (41?100Q),Two-way (divided with broken lines road marking),Tangent road with flat terrain,Y Shape,Dry,Daylight,Normal,2.0,,Not a Pedestrian,Slight Injury
Below 1yr,Lorry (41?100Q),,Tangent road with mild grade and flat terrain,Y Shape,Dry,Daylight,Normal,2.0,Going straight,Not a Pedestrian,Slight Injury
,Lorry (41?100Q),Two-way (divided with broken lines road marking),Tangent road with mild grade and flat terrain,Y Shape,Dry,Daylight,Normal,3.0,Going straight,Not a Pedestrian,Slight Injury
Below 1yr,Pick up upto 10Q,Double carriageway (median),Tangent road with flat terrain,No junction,Dry,Daylight,Normal,3.0,Going straight,Not a Pedestrian,Slight Injury
Below 1yr,Pick up upto 10Q,Two-way (divided with broken lines road marking),Tangent road with flat terrain,Crossing,Dry,Daylight,Normal,3.0,Going straight,Not a Pedestrian,Slight Injury
,Automobile,Undivided Two way,Tangent road with flat terrain,Crossing,Dry,Daylight,Normal,2.0,Going straight,Not a Pedestrian,Slight Injury
2-5yr,Other,Two-way (divided with broken lines road marking),Tangent road with flat terrain,Y Shape,Dry,Daylight,Normal,2.0,Other,Not a Pedestrian,Slight Injury
Above 10yr,,,Tangent road with flat terrain,Unknown,Dry,Darkness - lights lit,Normal,1.0,Other,Not a Pedestrian,Serious Injury
Above 10yr,Automobile,Two-way (divided with broken lines road marking),Tangent road with flat terrain,Unknown,Dry,Darkness - lights lit,Normal,1.0,Going straight,Crossing from nearside - masked by parked or statioNot a Pedestrianry vehicle,Serious Injury
5-10yr,Motorcycle,Two-way (divided with broken lines road marking),Tangent road with mild grade and flat terrain,Y Shape,Dry,Daylight,Normal,3.0,Going straight,Not a Pedestrian,Slight Injury
1-2yr,Automobile,Two-way (divided with broken lines road marking),Tangent road with mild grade and flat terrain,Y Shape,Dry,Daylight,Normal,3.0,Getting off,Not a Pedestrian,Slight Injury
Below 1yr,Automobile,Two-way (divided with broken lines road marking),Tangent road with flat terrain,No junction,Dry,Daylight,Normal,3.0,Going straight,Not a Pedestrian,Slight Injury
Below 1yr,Public (12 seats),Two-way (divided with broken lines road marking),Tangent road with flat terrain,Y Shape,Dry,Darkness - lights lit,Normal,2.0,Going straight,Not a Pedestrian,Slight Injury
2-5yr,Long lorry,Double carriageway (median),Tangent road with flat terrain,Y Shape,Dry,Darkness - lights lit,Normal,2.0,Going straight,Not a Pedestrian,Slight Injury
1-2yr,Automobile,Undivided Two way,Tangent road with flat terrain,Y Shape,Dry,Daylight,Normal,1.0,Going straight,Not a Pedestrian,Serious Injury
5-10yr,Automobile,Two-way (divided with broken lines road marking),Tangent road with flat terrain,Y Shape,Dry,Daylight,Normal,1.0,Going straight,Not a Pedestrian,Serious Injury
2-5yr,Public (> 45 seats),Two-way (divided with broken lines road marking),Tangent road with flat terrain,Y Shape,Dry,Daylight,Normal,2.0,Getting off,Not a Pedestrian,Slight Injury
5-10yr,Pick up upto 10Q,,Tangent road with flat terrain,Y Shape,Dry,Daylight,Normal,2.0,Going straight,Not a Pedestrian,Slight Injury
Above 10yr,Lorry (41?100Q),Undivided Two way,Tangent road with mild grade and flat terrain,Y Shape,Dry,Darkness - lights lit,Normal,1.0,Going straight,Not a Pedestrian,Fatal injury
5-10yr,Automobile,Two-way (divided with broken lines road marking),Tangent road with flat terrain,Y Shape,Dry,Daylight,Normal,1.0,Other,Not a Pedestrian,Slight Injury
5-10yr,Public (13?45 seats),other,Tangent road with flat terrain,Y Shape,Dry,Daylight,Normal,2.0,Going straight,Not a Pedestrian,Slight Injury
5-10yr,Automobile,other,Tangent road with flat terrain,Y Shape,Dry,Daylight,Normal,2.0,Going straight,Not a Pedestrian,Slight Injury
Above 10yr,Public (> 45 seats),Undivided Two way,Tangent road with flat terrain,O Shape,Dry,Daylight,Normal,2.0,Going straight,Not a Pedestrian,Slight Injury
1-2yr,Public (12 seats),Two-way (divided with broken lines road marking),Tangent road with flat terrain,O Shape,Dry,Daylight,Normal,2.0,Going straight,Not a Pedestrian,Slight Injury
2-5yr,Automobile,One way,Tangent road with flat terrain,O Shape,Wet or damp,Daylight,Raining,2.0,Going straight,Not a Pedestrian,Fatal injury
1-2yr,Lorry (41?100Q),Two-way (divided with broken lines road marking),Tangent road with flat terrain,No junction,Wet or damp,Daylight,Raining,2.0,Reversing,Not a Pedestrian,Fatal injury
,Automobile,Undivided Two way,Tangent road with flat terrain,Y Shape,Wet or damp,Daylight,Raining,2.0,Other,Not a Pedestrian,Fatal injury
5-10yr,Pick up upto 10Q,Undivided Two way,Tangent road with flat terrain,Y Shape,Wet or damp,Daylight,Raining,2.0,Going straight,Not a Pedestrian,Fatal injury
5-10yr,Public (12 seats),Two-way (divided with broken lines road marking),Tangent road with flat terrain,Y Shape,Dry,Daylight,Normal,1.0,Going straight,Not a Pedestrian,Slight Injury
Above 10yr,Automobile,Two-way (divided with broken lines road marking),Tangent road with flat terrain,Y Shape,Dry,Daylight,Normal,1.0,Going straight,Not a Pedestrian,Slight Injury
2-5yr,Automobile,Undivided Two way,Tangent road with mountainous terrain and,No junction,Dry,Daylight,Normal,2.0,Going straight,Not a Pedestrian,Slight Injury
Above 10yr,Automobile,Undivided Two way,Tangent road with flat terrain,No junction,Wet or damp,Daylight,Raining,2.0,Going straight,Not a Pedestrian,Slight Injury
2-5yr,Stationwagen,Two-way (divided with broken lines road marking),Tangent road with flat terrain,No junction,Wet or damp,Darkness - lights lit,Other,2.0,Going straight,Not a Pedestrian,Slight Injury
5-10yr,Other,Two-way (divided with broken lines road marking),Tangent road with mild grade and flat terrain,Y Shape,Wet or damp,Darkness - lights lit,Other,2.0,Going straight,Not a Pedestrian,Slight Injury
5-10yr,Other,other,Tangent road with flat terrain,Y Shape,Dry,Daylight,Normal,2.0,Going straight,Not a Pedestrian,Slight Injury
5-10yr,Other,Two-way (divided with broken lines road marking),Tangent road with flat terrain,Y Shape,Dry,Daylight,Normal,2.0,Going straight,Not a Pedestrian,Slight Injury
5-10yr,Public (13?45 seats),Double carriageway (median),Tangent road with flat terrain,Y Shape,Wet or damp,Daylight,Raining,2.0,Moving Backward,Not a Pedestrian,Slight Injury
Above 10yr,Lorry (41?100Q),One way,Tangent road with flat terrain,Y Shape,Wet or damp,Daylight,Raining,2.0,Moving Backward,Not a Pedestrian,Slight Injury
Below 1yr,Public (12 seats),Undivided Two way,Tangent road with flat terrain,Y Shape,Dry,Daylight,Normal,3.0,Turnover,Not a Pedestrian,Slight Injury
5-10yr,Automobile,Undivided Two way,Tangent road with flat terrain,No junction,Dry,Daylight,Normal,3.0,Other,Not a Pedestrian,Slight Injury
1-2yr,Automobile,One way,Tangent road with mild grade and flat terrain,No junction,Dry,Daylight,Normal,3.0,Other,Not a Pedestrian,Slight Injury
,Stationwagen,Undivided Two way,Tangent road with flat terrain,Y Shape,Dry,Daylight,Normal,2.0,Going straight,Not a Pedestrian,Slight Injury
Above 10yr,Lorry (41?100Q),Undivided Two way,Tangent road with flat terrain,Y Shape,Dry,Daylight,Normal,2.0,Going straight,Not a Pedestrian,Slight Injury
2-5yr,Lorry (41?100Q),Undivided Two way,Tangent road with flat terrain,O Shape,Dry,Daylight,Normal,1.0,Other,Not a Pedestrian,Slight Injury
1-2yr,Lorry (41?100Q),Two-way (divided with broken lines road marking),Tangent road with flat terrain,O Shape,Dry,Daylight,Normal,1.0,Other,Not a Pedestrian,Serious Injury
1-2yr,Public (> 45 seats),Two-way (divided with broken lines road marking),Tangent road with mild grade and flat terrain,Y Shape,Dry,Daylight,Normal,1.0,Going straight,Not a Pedestrian,Slight Injury
2-5yr,Public (12 seats),Two-way (divided with broken lines road marking),Tangent road with flat terrain,Y Shape,Dry,Daylight,Normal,2.0,Reversing,Not a Pedestrian,Slight Injury
,Other,Undivided Two way,Tangent road with flat terrain,No junction,Dry,Daylight,Normal,2.0,Other,Not a Pedestrian,Slight Injury
2-5yr,Public (12 seats),Undivided Two way,Tangent road with flat terrain,No junction,Dry,Daylight,Normal,1.0,Turnover,Not a Pedestrian,Slight Injury
1-2yr,Other,Undivided Two way,Tangent road with flat terrain,No junction,Dry,Daylight,Normal,2.0,Going straight,Not a Pedestrian,Slight Injury
5-10yr,Public (12 seats),Undivided Two way,Tangent road with flat terrain,No junction,Dry,Daylight,Normal,2.0,Going straight,Not a Pedestrian,Slight Injury
Below 1yr,Stationwagen,other,Tangent road with flat terrain,Y Shape,Dry,Daylight,Normal,1.0,Going straight,Not a Pedestrian,Slight Injury
2-5yr,Automobile,Undivided Two way,Tangent road with flat terrain,Y Shape,Wet or damp,Daylight,Raining,2.0,Going straight,Not a Pedestrian,Slight Injury
5-10yr,Lorry (41?100Q),Undivided Two way,Tangent road with flat terrain,Y Shape,Wet or damp,Daylight,Raining,2.0,Going straight,Not a Pedestrian,Slight Injury
Above 10yr,Special vehicle,other,Steep grade downward with mountainous terrain,Y Shape,Wet or damp,Daylight,Raining,2.0,Going straight,Not a Pedestrian,Slight Injury
2-5yr,Lorry (41?100Q),One way,Tangent road with flat terrain,Y Shape,Wet or damp,Daylight,Raining,2.0,Going straight,Not a Pedestrian,Slight Injury
Above 10yr,Lorry (41?100Q),Undivided Two way,Tangent road with flat terrain,Y Shape,Dry,Daylight,Normal,1.0,Going straight,Not a Pedestrian,Serious Injury