driving_experience,type_of_vehicle,lanes_or_medians,road_allignment,types_of_junction,road_surface_conditions,light_conditions,weather_conditions,number_of_vehicles_involved,vehicle_movement,pedestrian_movement,accident_severity
1-2yr,Public (> 45 seats),Undivided Two way,Tangent road with flat terrain,Y Shape,Dry,Daylight,Unknown,1.0,Going straight,Not a Pedestrian,Serious Injury
5-10yr,Automobile,Two-way (divided with broken lines road marking),Tangent road with flat terrain,Y Shape,Wet or damp,Darkness - no lighting,Raining,1.0,Other,Not a Pedestrian,Serious Injury
2-5yr,Automobile,other,Tangent road with flat terrain,Crossing,Dry,Daylight,Normal,2.0,Going straight,Not a Pedestrian,Slight Injury
2-5yr,Automobile,Two-way (divided with broken lines road marking),Tangent road with flat terrain,Other,Dry,Daylight,Normal,2.0,Going straight,Not a Pedestrian,Slight Injury
2-5yr,Public (> 45 seats),Two-way (divided with broken lines road marking),Tangent road with flat terrain,Other,Dry,Daylight,Normal,2.0,Moving Backward,Not a Pedestrian,Slight Injury
2-5yr,Lorry (11?40Q),Undivided Two way,Tangent road with flat terrain,Other,Dry,Daylight,Normal,2.0,Going straight,Not a Pedestrian,Slight Injury
Above 10yr,Pick up upto 10Q,Undivided Two way,Tangent road with flat terrain,Other,Dry,Daylight,Normal,1.0,Moving Backward,Not a Pedestrian,Slight Injury
Above 10yr,Lorry (11?40Q),other,Steep grade downward with mountainous terrain,No junction,Wet or damp,Darkness - lights lit,Normal,2.0,Other,Not a Pedestrian,Slight Injury
5-10yr,Pick up upto 10Q,other,Steep grade downward with mountainous terrain,No junction,Wet or damp,Darkness - lights lit,Normal,2.0,Going straight,Not a Pedestrian,Slight Injury
,Special vehicle,Two-way (divided with broken lines road marking),Tangent road with flat terrain,No junction,Dry,Daylight,Normal,1.0,Reversing,Not a Pedestrian,Serious Injury
2-5yr,Lorry (11?40Q),Undivided Two way,Tangent road with flat terrain,No junction,Dry,Daylight,Normal,2.0,Going straight,Not a Pedestrian,Slight Injury
5-10yr,Automobile,Two-way (divided with broken lines road marking),Escarpments,No junction,Dry,Daylight,Normal,2.0,Other,Not a Pedestrian,Slight Injury
5-10yr,Bajaj,Two-way (divided with broken lines road marking),Tangent road with mountainous terrain and,No junction,Dry,Daylight,Normal,1.0,Other,Not a Pedestrian,Serious Injury
Above 10yr,Lorry (41?100Q),Undivided Two way,Tangent road with mountainous terrain and,No junction,Dry,Darkness - lights lit,Normal,2.0,Other,Not a Pedestrian,Slight Injury
5-10yr,Other,Undivided Two way,Tangent road with mountainous terrain and,O Shape,Dry,Darkness - lights lit,Normal,2.0,Stopping,Crossing from nearside - masked by parked or statioNot a Pedestrianry vehicle,Slight Injury
Above 10yr,Lorry (41?100Q),other,Tangent road with flat terrain,Y Shape,Dry,Daylight,Normal,,Going straight,Crossing from driver's nearside,Slight Injury
1-2yr,Automobile,Undivided Two way,Tangent road with flat terrain,Y Shape,Dry,Daylight,Normal,,U-Turn,Not a Pedestrian,Serious Injury
1-2yr,Public (> 45 seats),Double carriageway (median),Escarpments,No junction,Dry,Daylight,Normal,,Going straight,Not a Pedestrian,Slight Injury
5-10yr,Lorry (41?100Q),other,Tangent road with flat terrain,No junction,Dry,Daylight,Normal,,Waiting to go,Not a Pedestrian,Slight Injury
Above 10yr,Automobile,Undivided Two way,Escarpments,No junction,Dry,Daylight,Normal,,Going straight,Not a Pedestrian,Serious Injury
Below 1yr,Long lorry,One way,Tangent road with flat terrain,Y Shape,Dry,Daylight,Normal,,Going straight,Not a Pedestrian,Serious Injury
2-5yr,Lorry (11?40Q),Undivided Two way,Tangent road with flat terrain,Crossing,Dry,Daylight,Normal,,Moving Backward,Not a Pedestrian,Serious Injury
2-5yr,Taxi,other,Tangent road with rolling terrain,Crossing,Dry,Daylight,Normal,,Going straight,Not a Pedestrian,Slight Injury
2-5yr,Automobile,Undivided Two way,Tangent road with flat terrain,No junction,Dry,Daylight,Normal,,Going straight,Not a Pedestrian,Slight Injury
Below 1yr,Automobile,Undivided Two way,Gentle horizontal curve,O Shape,Dry,Daylight,Normal,,Going straight,Not a Pedestrian,Slight Injury
5-10yr,Automobile,Undivided Two way,Gentle horizontal curve,O Shape,Dry,Daylight,Normal,,Going straight,Unknown or other,Slight Injury
Above 10yr,Public (12 seats),Two-way (divided with broken lines road marking),Tangent road with mountainous terrain and,Y Shape,Dry,Daylight,Normal,,Going straight,Crossing from nearside - masked by parked or statioNot a Pedestrianry vehicle,Slight Injury
Below 1yr,Ridden horse,Two-way (divided with broken lines road marking),Tangent road with flat terrain,Crossing,Dry,Daylight,Normal,,Going straight,Not a Pedestrian,Slight Injury
5-10yr,Other,Undivided Two way,Tangent road with flat terrain,Other,Dry,Daylight,Normal,,Going straight,Not a Pedestrian,Slight Injury
2-5yr,Taxi,Double carriageway (median),Tangent road with mild grade and flat terrain,No junction,Dry,Daylight,Normal,,Going straight,Not a Pedestrian,Slight Injury
Above 10yr,Automobile,Two-way (divided with broken lines road marking),Tangent road with flat terrain,Y Shape,Wet or damp,Daylight,Raining,,Going straight,Not a Pedestrian,Slight Injury
1-2yr,Public (> 45 seats),Double carriageway (median),Tangent road with flat terrain,Y Shape,Dry,Daylight,Normal,,Going straight,Not a Pedestrian,Slight Injury
2-5yr,Lorry (41?100Q),Two-way (divided with broken lines road marking),Escarpments,No junction,Dry,Daylight,Normal,,Going straight,Not a Pedestrian,Slight Injury
5-10yr,Automobile,Undivided Two way,Tangent road with mild grade and flat terrain,No junction,Dry,Daylight,Normal,,Going straight,Not a Pedestrian,Slight Injury
1-2yr,Lorry (11?40Q),Undivided Two way,Tangent road with flat terrain,Crossing,Wet or damp,Darkness - lights lit,Normal,,Going straight,Not a Pedestrian,Serious Injury
5-10yr,Automobile,Double carriageway (median),Tangent road with flat terrain,No junction,Dry,Daylight,Normal,,Reversing,Not a Pedestrian,Fatal injury
2-5yr,Other,Two-way (divided with broken lines road marking),Tangent road with flat terrain,No junction,Dry,Daylight,Normal,,Moving Backward,Not a Pedestrian,Slight Injury
Above 10yr,Lorry (41?100Q),Two-way (divided with broken lines road marking),Tangent road with flat terrain,No junction,Dry,Daylight,Normal,,Moving Backward,Not a Pedestrian,Slight Injury
5-10yr,Pick up upto 10Q,Double carriageway (median),Tangent road with flat terrain,Crossing,Dry,Daylight,Normal,,Going straight,Not a Pedestrian,Slight Injury
2-5yr,Lorry (41?100Q),Double carriageway (median),Tangent road with flat terrain,Y Shape,Dry,Daylight,Normal,,Going straight,Not a Pedestrian,Slight Injury
1-2yr,Public (12 seats),Two-way (divided with broken lines road marking),Tangent road with flat terrain,Y Shape,Dry,Darkness - lights unlit,Normal,,Turnover,Not a Pedestrian,Slight Injury
Above 10yr,Pick up upto 10Q,One way,Tangent road with flat terrain,No junction,Dry,Daylight,Normal,,Moving Backward,Not a Pedestrian,Slight Injury
5-10yr,Other,Undivided Two way,Tangent road with flat terrain,Crossing,Dry,Daylight,Normal,,Going straight,Not a Pedestrian,Slight Injury
1-2yr,Automobile,Undivided Two way,Tangent road with flat terrain,No junction,Dry,Darkness - lights lit,Normal,,Going straight,Not a Pedestrian,Slight Injury
2-5yr,Automobile,Undivided Two way,Tangent road with flat terrain,Y Shape,Dry,Darkness - lights lit,Normal,,Going straight,Not a Pedestrian,Slight Injury
Below 1yr,Bajaj,other,Tangent road with flat terrain,Y Shape,Dry,Darkness - lights lit,Normal,,Going straight,Not a Pedestrian,Slight Injury
2-5yr,Lorry (41?100Q),Double carriageway (median),Tangent road with flat terrain,No junction,Wet or damp,Darkness - lights lit,Raining and Windy,,Going straight,Not a Pedestrian,Slight Injury
2-5yr,Lorry (11?40Q),Two-way (divided with broken lines road marking),Steep grade downward with mountainous terrain,Y Shape,Dry,Daylight,Cloudy,,Going straight,Not a Pedestrian,Slight Injury
5-10yr,Automobile,Two-way (divided with broken lines road marking),Tangent road with flat terrain,Y Shape,Dry,Daylight,Cloudy,,Going straight,Not a Pedestrian,Slight Injury
5-10yr,Other,Undivided Two way,Tangent road with mild grade and flat terrain,Crossing,Wet or damp,Darkness - lights lit,Normal,,Going straight,Not a Pedestrian,Slight Injury
Above 10yr,Automobile,other,Tangent road with flat terrain,Y Shape,Wet or damp,Daylight,Normal,,Going straight,Not a Pedestrian,Slight Injury
1-2yr,Automobile,Undivided Two way,Tangent road with flat terrain,Y Shape,Wet or damp,Daylight,Normal,,Going straight,Not a Pedestrian,Slight Injury
Above 10yr,Automobile,Undivided Two way,Tangent road with flat terrain,Y Shape,Wet or damp,Darkness - lights lit,Normal,,Going straight,Not a Pedestrian,Slight Injury
2-5yr,Lorry (41?100Q),Undivided Two way,Tangent road with flat terrain,Crossing,Wet or damp,Darkness - no lighting,Raining,,Going straight,Not a Pedestrian,Slight Injury
5-10yr,Lorry (41?100Q),Undivided Two way,Tangent road with flat terrain,No junction,Wet or damp,Daylight,Normal,,Going straight,Not a Pedestrian,Serious Injury
2-5yr,Automobile,Undivided Two way,Tangent road with flat terrain,No junction,Dry,Daylight,Normal,,Going straight,Not a Pedestrian,Slight Injury
1-2yr,Automobile,Undivided Two way,Tangent road with flat terrain,Y Shape,Wet or damp,Daylight,Normal,,Going straight,Not a Pedestrian,Slight Injury
Below 1yr,Public (13?45 seats),other,Steep grade downward with mountainous terrain,Crossing,Wet or damp,Darkness - lights lit,Normal,,Going straight,Not a Pedestrian,Slight Injury
1-2yr,Public (13?45 seats),One way,Tangent road with flat terrain,Crossing,Wet or damp,Darkness - lights lit,Normal,,Going straight,Not a Pedestrian,Slight Injury
1-2yr,Automobile,Undivided Two way,Tangent road with flat terrain,Y Shape,Wet or damp,Darkness - lights lit,Windy,,Going straight,Not a Pedestrian,Slight Injury
Above 10yr,Lorry (11?40Q),Undivided Two way,Tangent road with flat terrain,Y Shape,Wet or damp,Darkness - lights lit,Windy,,Moving Backward,Not a Pedestrian,Slight Injury
1-2yr,Automobile,Two-way (divided with broken lines road marking),Tangent road with flat terrain,Y Shape,Wet or damp,Darkness - lights lit,Raining,,Going straight,Not a Pedestrian,Slight Injury
2-5yr,Lorry (41?100Q),other,Tangent road with flat terrain,Y Shape,Wet or damp,Darkness - lights lit,Raining,,Turnover,Not a Pedestrian,Slight Injury
Above 10yr,Pick up upto 10Q,Two-way (divided with broken lines road marking),Tangent road with flat terrain,Y Shape,Wet or damp,Daylight,Raining,,Reversing,Not a Pedestrian,Slight Injury
5-10yr,Lorry (11?40Q),Undivided Two way,Tangent road with flat terrain,Y Shape,Wet or damp,Daylight,Normal,,Reversing,Not a Pedestrian,Serious Injury
1-2yr,Motorcycle,Undivided Two way,Tangent road with flat terrain,Y Shape,Wet or damp,Darkness - lights lit,Raining,,Reversing,Not a Pedestrian,Serious Injury
1-2yr,Lorry (11?40Q),Two-way (divided with broken lines road marking),Tangent road with flat terrain,Y Shape,Wet or damp,Darkness - lights lit,Raining,,Going straight,Not a Pedestrian,Serious Injury
5-10yr,Other,Two-way (divided with broken lines road marking),Tangent road with mountainous terrain and,Crossing,Dry,Daylight,Normal,,Going straight,Not a Pedestrian,Slight Injury
1-2yr,Other,Undivided Two way,Tangent road with mountainous terrain and,Crossing,Dry,Daylight,Normal,,Going straight,Not a Pedestrian,Slight Injury
1-2yr,Automobile,Two-way (divided with broken lines road marking),Tangent road with flat terrain,Y Shape,Wet or damp,Darkness - lights lit,Normal,,Going straight,Not a Pedestrian,Slight Injury
5-10yr,Automobile,Undivided Two way,Tangent road with flat terrain,Y Shape,Wet or damp,Daylight,Normal,,Going straight,Crossing from nearside - masked by parked or statioNot a Pedestrianry vehicle,Slight Injury
Above 10yr,Public (12 seats),Two-way (divided with broken lines road marking),Tangent road with flat terrain,Y Shape,Wet or damp,Darkness - lights lit,Normal,,Going straight,Not a Pedestrian,Slight Injury
Below 1yr,Stationwagen,Double carriageway (median),Tangent road with mild grade and flat terrain,Y Shape,Wet or damp,Darkness - lights lit,Normal,,Going straight,Not a Pedestrian,Slight Injury
Above 10yr,Lorry (41?100Q),Two-way (divided with broken lines road marking),Tangent road with flat terrain,Y Shape,Wet or damp,Daylight,Normal,,Going straight,Not a Pedestrian,Slight Injury
5-10yr,Lorry (41?100Q),Undivided Two way,Tangent road with flat terrain,Y Shape,Dry,Daylight,Normal,,Going straight,Not a Pedestrian,Slight Injury
Above 10yr,Public (12 seats),Undivided Two way,Tangent road with flat terrain,Y Shape,Dry,Daylight,Normal,,Turnover,Not a Pedestrian,Slight Injury
Below 1yr,Public (12 seats),Undivided Two way,Tangent road with flat terrain,Crossing,Wet or damp,Daylight,Other,,Going straight,Not a Pedestrian,Slight Injury
1-2yr,Public (12 seats),other,Tangent road with flat terrain,Y Shape,Wet or damp,Darkness - lights lit,Cloudy,,Going straight,Not a Pedestrian,Slight Injury
1-2yr,Lorry (41?100Q),Two-way (divided with broken lines road marking),Tangent road with flat terrain,Other,Wet or damp,Darkness - lights lit,Raining,,Going straight,Not a Pedestrian,Slight Injury
5-10yr,Public (13?45 seats),One way,Tangent road with flat terrain,Y Shape,Wet or damp,Darkness - lights lit,Cloudy,,Going straight,Not a Pedestrian,Slight Injury
1-2yr,Automobile,other,Steep grade downward with mountainous terrain,Y Shape,Wet or damp,Darkness - lights lit,Cloudy,,Going straight,Not a Pedestrian,Slight Injury
Above 10yr,Other,other,Tangent road with flat terrain,Y Shape,Snow,Darkness - lights lit,Other,,Going straight,Not a Pedestrian,Slight Injury
5-10yr,Other,Undivided Two way,Tangent road with flat terrain,Y Shape,Snow,Darkness - lights lit,Other,,Moving Backward,Not a Pedestrian,Slight Injury
5-10yr,Public (12 seats),Two-way (divided with broken lines road marking),Tangent road with flat terrain,Y Shape,Wet or damp,Darkness - lights lit,Normal,,Going straight,Not a Pedestrian,Slight Injury
2-5yr,Other,One way,Tangent road with flat terrain,Y Shape,Dry,Daylight,Normal,,Going straight,Not a Pedestrian,Slight Injury
5-10yr,Public (> 45 seats),other,Steep grade downward with mountainous terrain,Y Shape,Dry,Daylight,Normal,,Going straight,Not a Pedestrian,Slight Injury
5-10yr,Automobile,One way,Tangent road with flat terrain,Crossing,Dry,Darkness - lights lit,Normal,,Going straight,Not a Pedestrian,Serious Injury
Below 1yr,Automobile,Undivided Two way,Tangent road with flat terrain,No junction,Dry,Daylight,Normal,,Going straight,Crossing from driver's nearside,Slight Injury
2-5yr,Other,Undivided Two way,Tangent road with flat terrain,No junction,Dry,Daylight,Normal,,Going straight,Not a Pedestrian,Slight Injury
5-10yr,Lorry (41?100Q),other,Tangent road with flat terrain,No junction,Wet or damp,Darkness - lights lit,Normal,,Going straight,Not a Pedestrian,Slight Injury
1-2yr,Pick up upto 10Q,One way,Tangent road with flat terrain,Crossing,Dry,Daylight,Normal,,Reversing,Not a Pedestrian,Slight Injury
1-2yr,Taxi,Undivided Two way,Steep grade downward with mountainous terrain,Crossing,Dry,Daylight,Normal,,Moving Backward,Not a Pedestrian,Slight Injury
Above 10yr,Automobile,Two-way (divided with broken lines road marking),Tangent road with flat terrain,No junction,Dry,Daylight,Normal,,Going straight,Not a Pedestrian,Slight Injury
2-5yr,Public (12 seats),Two-way (divided with broken lines road marking),Tangent road with flat terrain,No junction,Dry,Darkness - lights lit,Normal,,Going straight,Crossing from nearside - masked by parked or statioNot a Pedestrianry vehicle,Slight Injury
Above 10yr,Long lorry,Two-way (divided with broken lines road marking),Tangent road with flat terrain,Y Shape,Dry,Daylight,Unknown,,Going straight,Not a Pedestrian,Serious Injury
Below 1yr,Public (> 45 seats),other,Tangent road with flat terrain,No junction,Dry,Daylight,Normal,,Going straight,"Walking along in carriageway, back to traffic",Serious Injury
Above 10yr,Automobile,Two-way (divided with broken lines road marking),Tangent road with flat terrain,Crossing,Wet or damp,Darkness - lights lit,Normal,,Going straight,Crossing from offside - masked by parked or statioNot a Pedestrianry vehicle,Slight Injury
1-2yr,Automobile,other,Tangent road with flat terrain,Crossing,Wet or damp,Darkness - lights lit,Normal,,Waiting to go,Not a Pedestrian,Slight Injury
5-10yr,Pick up upto 10Q,Two-way (divided with broken lines road marking),Tangent road with flat terrain,Y Shape,Dry,Daylight,Normal,,Going straight,Not a Pedestrian,Slight Injury
5-10yr,Other,Two-way (divided with broken lines road marking),Tangent road with mild grade and flat terrain,Y Shape,Dry,Daylight,Cloudy,,Reversing,Not a Pedestrian,Slight Injury
2-5yr,Lorry (41?100Q),Undivided Two way,Tangent road with mountainous terrain and,Y Shape,Wet or damp,Daylight,Raining,,Going straight,Not a Pedestrian,Slight Injury
1-2yr,Stationwagen,Two-way (divided with broken lines road marking),Tangent road with flat terrain,No junction,Dry,Daylight,Normal,,Going straight,Not a Pedestrian,Slight Injury
5-10yr,Lorry (41?100Q),Two-way (divided with broken lines road marking),Tangent road with flat terrain,Crossing,Dry,Darkness - lights lit,Normal,,Going straight,Not a Pedestrian,Slight Injury
2-5yr,Public (> 45 seats),One way,Tangent road with flat terrain,Y Shape,Dry,Daylight,Normal,,Going straight,Not a Pedestrian,Slight Injury
2-5yr,Automobile,Two-way (divided with broken lines road marking),Tangent road with flat terrain,Y Shape,Dry,Daylight,Normal,,Going straight,Not a Pedestrian,Slight Injury
Above 10yr,Automobile,Double carriageway (median),Tangent road with flat terrain,Y Shape,Dry,Daylight,Normal,,Going straight,Not a Pedestrian,Slight Injury
1-2yr,Stationwagen,Two-way (divided with broken lines road marking),Tangent road with flat terrain,Crossing,Dry,Daylight,Normal,,Going straight,Not a Pedestrian,Slight Injury
1-2yr,Public (12 seats),other,Tangent road with flat terrain,Crossing,Dry,Daylight,Normal,,Moving Backward,Not a Pedestrian,Slight Injury
2-5yr,Public (12 seats),Two-way (divided with broken lines road marking),Tangent road with flat terrain,Crossing,Dry,Daylight,Normal,,Going straight,Not a Pedestrian,Slight Injury
5-10yr,Lorry (41?100Q),Two-way (divided with broken lines road marking),Tangent road with flat terrain,Crossing,Wet or damp,Daylight,Other,,Going straight,Not a Pedestrian,Slight Injury
Above 10yr,Automobile,Two-way (divided with broken lines road marking),Tangent road with flat terrain,Y Shape,Dry,Daylight,Normal,,Going straight,Not a Pedestrian,Slight Injury
1-2yr,Lorry (41?100Q),Undivided Two way,Tangent road with flat terrain,Y Shape,Dry,Daylight,Normal,,Going straight,Crossing from nearside - masked by parked or statioNot a Pedestrianry vehicle,Slight Injury
1-2yr,Stationwagen,Two-way (divided with broken lines road marking),Tangent road with flat terrain,No junction,Wet or damp,Daylight,Normal,,Going straight,Not a Pedestrian,Slight Injury
Above 10yr,Other,Undivided Two way,Tangent road with flat terrain,Y Shape,Dry,Daylight,Normal,,Going straight,Crossing from driver's nearside,Slight Injury
1-2yr,Other,One way,Tangent road with flat terrain,Y Shape,Dry,Daylight,Normal,,Going straight,Not a Pedestrian,Slight Injury
Above 10yr,Automobile,Two-way (divided with broken lines road marking),Tangent road with flat terrain,Y Shape,Dry,Daylight,Normal,,Going straight,Not a Pedestrian,Slight Injury
2-5yr,Automobile,Undivided Two way,Tangent road with mountainous terrain and,Crossing,Wet or damp,Daylight,Normal,,Reversing,Crossing from offside - masked by parked or statioNot a Pedestrianry vehicle,Serious Injury
1-2yr,Public (13?45 seats),Undivided Two way,Tangent road with flat terrain,Crossing,Wet or damp,Daylight,Normal,,Going straight,Not a Pedestrian,Serious Injury
5-10yr,Public (13?45 seats),Undivided Two way,Tangent road with flat terrain,Crossing,Wet or damp,Daylight,Normal,,Moving Backward,Not a Pedestrian,Serious Injury
5-10yr,Lorry (41?100Q),Two-way (divided with broken lines road marking),Tangent road with mild grade and flat terrain,Crossing,Wet or damp,Daylight,Normal,,Going straight,Not a Pedestrian,Serious Injury
1-2yr,Lorry (41?100Q),Undivided Two way,Tangent road with flat terrain,Y Shape,Dry,Daylight,Normal,,Going straight,Not a Pedestrian,Slight Injury
5-10yr,Public (12 seats),Undivided Two way,Tangent road with flat terrain,Y Shape,Dry,Daylight,Normal,,Going straight,Not a Pedestrian,Slight Injury
2-5yr,Other,Undivided Two way,Tangent road with flat terrain,Crossing,Dry,Darkness - lights lit,Normal,,Going straight,Not a Pedestrian,Serious Injury
5-10yr,Lorry (41?100Q),One way,Tangent road with flat terrain,Crossing,Dry,Darkness - lights lit,Normal,,Going straight,Not a Pedestrian,Serious Injury
Above 10yr,Automobile,Undivided Two way,Tangent road with flat terrain,Crossing,Dry,Darkness - lights lit,Normal,,Turnover,Not a Pedestrian,Serious Injury
2-5yr,Motorcycle,other,Tangent road with flat terrain,Crossing,Dry,Darkness - lights lit,Normal,,Going straight,Not a Pedestrian,Serious Injury
Above 10yr,Lorry (41?100Q),Two-way (divided with broken lines road marking),Tangent road with mild grade and flat terrain,Y Shape,Dry,Darkness - lights lit,Normal,,Going straight,Not a Pedestrian,Slight Injury
5-10yr,Automobile,Two-way (divided with broken lines road marking),Tangent road with flat terrain,Crossing,Dry,Darkness - lights lit,Normal,,Going straight,Crossing from nearside - masked by parked or statioNot a Pedestrianry vehicle,Serious Injury
2-5yr,Public (> 45 seats),Two-way (divided with broken lines road marking),Tangent road with mild grade and flat terrain,No junction,Dry,Darkness - lights lit,Normal,,Other,Not a Pedestrian,Slight Injury
Above 10yr,Lorry (41?100Q),Two-way (divided with broken lines road marking),Tangent road with flat terrain,Y Shape,Dry,Daylight,Normal,,Going straight,Not a Pedestrian,Slight Injury
2-5yr,Public (> 45 seats),Two-way (divided with broken lines road marking),Tangent road with mild grade and flat terrain,Y Shape,Dry,Daylight,Normal,,Going straight,Not a Pedestrian,Slight Injury
Above 10yr,Lorry (41?100Q),Two-way (divided with broken lines road marking),Tangent road with flat terrain,No junction,Wet or damp,Daylight,Normal,,Turnover,Not a Pedestrian,Slight Injury
Above 10yr,Lorry (41?100Q),Undivided Two way,Tangent road with flat terrain,No junction,Wet or damp,Daylight,Normal,,Moving Backward,Not a Pedestrian,Slight Injury
2-5yr,Lorry (41?100Q),Two-way (divided with broken lines road marking),Tangent road with flat terrain,Y Shape,Dry,Daylight,Normal,,Going straight,Not a Pedestrian,Slight Injury
Above 10yr,Public (12 seats),Two-way (divided with broken lines road marking),Tangent road with flat terrain,Y Shape,Dry,Daylight,Normal,,Going straight,Not a Pedestrian,Slight Injury
Above 10yr,Public (12 seats),Two-way (divided with broken lines road marking),Tangent road with flat terrain,Y Shape,Dry,Daylight,Normal,,Going straight,Not a Pedestrian,Slight Injury
5-10yr,Pick up upto 10Q,Double carriageway (median),Tangent road with flat terrain,No junction,Wet or damp,Daylight,Raining,,Going straight,Not a Pedestrian,Slight Injury
5-10yr,Public (> 45 seats),Two-way (divided with broken lines road marking),Tangent road with flat terrain,Y Shape,Dry,Daylight,Normal,,Going straight,Not a Pedestrian,Slight Injury
2-5yr,Lorry (41?100Q),One way,Tangent road with flat terrain,No junction,Dry,Daylight,Normal,,Going straight,Not a Pedestrian,Slight Injury
2-5yr,Stationwagen,Two-way (divided with broken lines road marking),Tangent road with flat terrain,No junction,Dry,Daylight,Normal,,Stopping,Not a Pedestrian,Serious Injury
2-5yr,Lorry (41?100Q),Two-way (divided with broken lines road marking),Tangent road with flat terrain,Other,Dry,Daylight,Normal,,Going straight,Not a Pedestrian,Slight Injury
2-5yr,Public (12 seats),Two-way (divided with broken lines road marking),Tangent road with flat terrain,Other,Dry,Daylight,Normal,,Overtaking,Not a Pedestrian,Slight Injury
2-5yr,Other,Undivided Two way,Steep grade downward with mountainous terrain,Crossing,Dry,Daylight,Normal,,Reversing,Not a Pedestrian,Slight Injury
1-2yr,Stationwagen,Undivided Two way,Tangent road with flat terrain,Crossing,Dry,Daylight,Normal,,Going straight,Not a Pedestrian,Slight Injury
2-5yr,Automobile,Two-way (divided with broken lines road marking),Tangent road with mountainous terrain and,Crossing,Dry,Daylight,Normal,,Going straight,Unknown or other,Slight Injury
5-10yr,Lorry (41?100Q),Double carriageway (median),Tangent road with flat terrain,Y Shape,Wet or damp,Daylight,Normal,,Moving Backward,Not a Pedestrian,Slight Injury
2-5yr,Automobile,Undivided Two way,Tangent road with flat terrain,Y Shape,Wet or damp,Daylight,Normal,,Going straight,Not a Pedestrian,Slight Injury
1-2yr,Lorry (41?100Q),One way,Tangent road with flat terrain,Y Shape,Dry,Daylight,Normal,,Going straight,Not a Pedestrian,Slight Injury
Above 10yr,Lorry (41?100Q),other,Tangent road with flat terrain,Y Shape,Dry,Daylight,Normal,,Going straight,Not a Pedestrian,Serious Injury
2-5yr,Public (13?45 seats),other,Tangent road with flat terrain,Y Shape,Dry,Daylight,Normal,,Going straight,Not a Pedestrian,Slight Injury
5-10yr,Lorry (41?100Q),One way,Tangent road with flat terrain,Crossing,Dry,Daylight,Normal,,Going straight,Not a Pedestrian,Slight Injury
1-2yr,Motorcycle,Undivided Two way,Tangent road with flat terrain,Crossing,Dry,Daylight,Normal,,Reversing,Not a Pedestrian,Slight Injury
5-10yr,Pick up upto 10Q,Two-way (divided with broken lines road marking),Tangent road with flat terrain,Crossing,Dry,Daylight,Normal,,Going straight,Not a Pedestrian,Slight Injury
2-5yr,Public (> 45 seats),Two-way (divided with broken lines road marking),Tangent road with flat terrain,Crossing,Dry,Daylight,Normal,,Going straight,Not a Pedestrian,Slight Injury
Above 10yr,Automobile,Double carriageway (median),Tangent road with flat terrain,Y Shape,Dry,Daylight,Normal,,Going straight,Not a Pedestrian,Slight Injury
Above 10yr,Public (12 seats),Double carriageway (median),Tangent road with flat terrain,Y Shape,Dry,Daylight,Normal,,Going straight,Crossing from nearside - masked by parked or statioNot a Pedestrianry vehicle,Slight Injury
5-10yr,Automobile,Undivided Two way,Tangent road with flat terrain,Y Shape,Dry,Daylight,Normal,,Going straight,Unknown or other,Slight Injury
2-5yr,Automobile,One way,Tangent road with flat terrain,Y Shape,Dry,Daylight,Normal,,Going straight,Crossing from driver's nearside,Fatal injury
Below 1yr,Lorry (41?100Q),Two-way (divided with broken lines road marking),Tangent road with flat terrain,Y Shape,Dry,Daylight,Normal,,Moving Backward,Not a Pedestrian,Slight Injury
Above 10yr,Automobile,Two-way (divided with broken lines road marking),Tangent road with flat terrain,Y Shape,Dry,Daylight,Normal,,Going straight,Not a Pedestrian,Slight Injury
Above 10yr,Automobile,Undivided Two way,Tangent road with flat terrain,Other,Dry,Daylight,Normal,,Going straight,Not a Pedestrian,Serious Injury
2-5yr,Public (12 seats),Double carriageway (median),Tangent road with flat terrain,Other,Dry,Daylight,Normal,,Going straight,Not a Pedestrian,Serious Injury
Above 10yr,Automobile,Two-way (divided with broken lines road marking),Tangent road with flat terrain,Y Shape,Dry,Darkness - lights lit,Normal,,Going straight,Not a Pedestrian,Slight Injury
5-10yr,Public (12 seats),Two-way (divided with broken lines road marking),Tangent road with flat terrain,Y Shape,Dry,Darkness - lights lit,Normal,,Going straight,Not a Pedestrian,Slight Injury
Below 1yr,Stationwagen,Two-way (divided with broken lines road marking),Tangent road with flat terrain,No junction,Wet or damp,Daylight,Raining,,Going straight,Unknown or other,Serious Injury
Below 1yr,Stationwagen,Two-way (divided with broken lines road marking),Tangent road with flat terrain,Y Shape,Dry,Daylight,Normal,,Going straight,Not a Pedestrian,Serious Injury
5-10yr,Lorry (41?100Q),other,Tangent road with flat terrain,No junction,Dry,Daylight,Normal,,Going straight,Not a Pedestrian,Serious Injury
5-10yr,Automobile,Two-way (divided with broken lines road marking),Tangent road with flat terrain,Crossing,Dry,Darkness - lights lit,Normal,,Going straight,Not a Pedestrian,Slight Injury